name,time,value
temp,1704794517924041597,20.8
temp,1704794578142216471,20.8
temp,1704794638296149439,20.8
temp,1704794698815274975,20.8
temp,1704794758850190313,20.8
temp,1704794819231423552,20.9
temp,1704794879656834348,20.9
temp,1704794939737276690,20.9
temp,1704794999935114404,20.9
temp,1704795060543031471,20.9
temp,1704796042810719412,20.5
temp,1704796102878698551,19.9
temp,1704796344093913012,18.5
temp,1704796404311079784,18.4
temp,1704796464640563681,18.3
temp,1704796525001617637,18.3
temp,1704796585199564761,18.2
temp,1704796645425364506,18.2
temp,1704796705679796385,18.2
temp,1704796766003416535,18.2
temp,1704796826356466275,18.1
temp,1704796886520983220,18.1
temp,1704796946756280688,18.1
temp,1704797007038288647,18.1
temp,1704797067283603879,18.1
temp,1704797127812722130,18.1
temp,1704797187938473516,18.1
temp,1704797248457010994,18.1
temp,1704797308715946049,18.1
temp,1704797368716487843,18.1
temp,1704797429269330127,18.1
temp,1704797489296968156,18.1
temp,1704797549756117900,18.1
temp,1704797609824982166,18.1
temp,1704797670104178916,18.0
temp,1704797730405896347,18.0
temp,1704797790855254935,18.1
temp,1704797850954318015,18.0
temp,1704797911454783576,18.0
temp,1704797971635556408,18.0
temp,1704798031861893348,18.0
temp,1704798092211199457,18.0
temp,1704798152443298578,18.0
temp,1704798212646749398,18.0
temp,1704798272968495894,18.0
temp,1704798333435513762,18.0
temp,1704798393570100759,18.0
temp,1704798453925356740,18.0
temp,1704798514097511024,18.0
temp,1704798574579947550,18.0
temp,1704798634602841421,18.0
temp,1704798695011940904,18.0
temp,1704798755208709704,18.0
temp,1704798815583621059,17.9
temp,1704798875920497045,17.9
temp,1704798936010885617,17.9
temp,1704798996513559320,17.9
temp,1704799056601243528,17.9
temp,1704799116965642669,17.8
temp,1704799177198337718,17.8
temp,1704799237527156142,17.8
temp,1704799297838011894,17.8
temp,1704799358049937619,17.8
temp,1704799418252015127,17.8
temp,1704799478828171532,17.8
temp,1704799539030553608,17.8
temp,1704799599295755746,17.8
temp,1704799659591674806,17.8
temp,1704799719860494774,17.8
temp,1704799779988616485,17.8
temp,1704799840570068722,17.8
temp,1704799900639284628,17.8
temp,1704799960817266616,17.8
temp,1704800021344608310,17.8
temp,1704800081358705164,17.8
temp,1704800141897233662,17.8
temp,1704800201934648933,17.8
temp,1704800262300778042,17.8
temp,1704800322637562705,17.8
temp,1704800382965391232,17.8
temp,1704800443338644162,17.8
temp,1704800503340254454,17.8
temp,1704800563819576928,17.8
temp,1704800623934533494,17.8
temp,1704800684411177149,17.8
temp,1704800744693557971,17.8
temp,1704800804767188840,17.7
temp,1704800865142209904,17.7
temp,1704800925387680631,17.8
temp,1704800985811323014,17.8
temp,1704801046203286920,17.8
temp,1704801106180024137,17.8
temp,1704801166639388110,17.8
temp,1704801226915026256,17.8
temp,1704801287170454960,17.8
temp,1704801347376342123,17.8
temp,1704801407805587270,17.7
temp,1704801467886174015,17.7
temp,1704801528221328128,17.7
temp,1704801588565309863,17.7
temp,1704801648999863644,17.7
temp,1704801709268769557,17.8
temp,1704801769296493225,17.7
temp,1704801829822668366,17.7
temp,1704801890017791252,17.8
temp,1704801950335327651,17.8
temp,1704802010542719707,17.8
temp,1704802070901844405,17.8
temp,1704802131161416189,17.8
temp,1704802191596503265,17.8
temp,1704802251832138989,17.8
temp,1704802312032825415,17.8
temp,1704802372140431937,17.8
temp,1704802432440429231,17.8
temp,1704802492873118676,17.8
temp,1704802553030162566,17.8
temp,1704802613210979785,17.8
temp,1704802673573276404,17.8
temp,1704802733822854289,17.8
temp,1704802794273054027,17.8
temp,1704802854339654536,17.8
temp,1704802914601340882,17.8
temp,1704802975057459748,17.8
temp,1704803035359939778,17.8
temp,1704803095459595530,17.8
temp,1704803155961688375,17.8
temp,1704803216137417311,17.8
temp,1704803276368057291,17.8
temp,1704803336870134667,17.8
temp,1704803396891322166,17.8
temp,1704803457461468224,17.8
temp,1704803517567329577,17.8
temp,1704803577947644054,17.8
temp,1704803638099625296,17.9
temp,1704803698254259922,17.8
temp,1704803758753381208,17.9
temp,1704803818855869441,17.9
temp,1704803879239140409,17.8
temp,1704803939383033824,17.9
temp,1704803999841634370,18.0
temp,1704804059986105236,18.0
temp,1704804120373561037,18.0
temp,1704804180772942890,18.0
temp,1704804241053415552,18.0
temp,1704804301163292800,18.0
temp,1704804361444476542,17.9
temp,1704804421695303938,17.9
temp,1704804481955565785,17.9
temp,1704804542199956607,17.9
temp,1704804602631680384,18.0
temp,1704804662820768227,18.0
temp,1704804723181744453,18.0
temp,1704804783549177101,18.0
temp,1704804843736856426,18.0
temp,1704804904113109300,18.0
temp,1704804964341637693,18.0
temp,1704805024598578476,18.0
temp,1704805084841678645,18.0
temp,1704805145273155591,18.0
temp,1704805205469364210,18.0
temp,1704805265871041217,18.0
temp,1704805326099595677,18.0
temp,1704805386615837099,18.0
temp,1704805446728777704,18.0
temp,1704805506719788268,18.0
temp,1704805567255829074,18.0
temp,1704805627432143726,18.0
temp,1704805687561910686,18.0
temp,1704805748089799112,18.0
temp,1704805808126925852,18.0
temp,1704805868613220893,17.9
temp,1704805928718299972,18.0
temp,1704805988973406914,18.0
temp,1704806049296738412,18.0
temp,1704806109695887869,18.0
temp,1704806170103675735,18.0
temp,1704806230327507675,18.0
temp,1704806290401368763,18.0
temp,1704806350653300984,18.0
temp,1704806411180048647,18.0
temp,1704806471236943513,18.0
temp,1704806531761847751,18.0
temp,1704806591788071781,18.0
temp,1704806652166011757,18.0
temp,1704806712392712776,18.0
temp,1704806772690235284,18.0
temp,1704806833022234147,18.0
temp,1704806893208228379,18.0
temp,1704806953497635559,18.0
temp,1704807013948240661,18.0
temp,1704807074377282581,18.0
temp,1704807134577657358,18.0
temp,1704807194804240920,18.0
temp,1704807255080950015,18.0
temp,1704807315442028398,18.0
temp,1704807375608131637,18.0
temp,1704807435943028974,18.0
temp,1704807496278370933,18.0
temp,1704807556296191135,18.0
temp,1704807616772692855,18.0
temp,1704807677126619837,18.0
temp,1704807737329521331,18.0
temp,1704807797429443859,18.0
temp,1704807857923108062,18.0
temp,1704807918128012194,18.0
temp,1704807978378526459,18.0
temp,1704808038626247436,18.0
temp,1704808098887818033,18.0
temp,1704808159109539357,18.0
temp,1704808219471848793,18.0
temp,1704808279834400887,18.0
temp,1704808340123000710,18.0
temp,1704808400392695203,18.0
temp,1704808460616560524,18.0
temp,1704808521043344564,18.0
temp,1704808581404437571,18.0
temp,1704808641454001088,18.0
temp,1704808701845672677,18.0
temp,1704808762295609957,18.0
temp,1704808822220703121,18.0
temp,1704808882518472329,18.0
temp,1704808942803762966,18.0
temp,1704809003162779038,18.1
temp,1704809063461925976,18.1
temp,1704809123763012516,18.1
temp,1704809184060043788,18.1
temp,1704809244297701457,18.1
temp,1704809304713671589,18.0
temp,1704809364914967389,18.0
temp,1704809425196723513,18.0
temp,1704809485450785511,18.0
temp,1704809545919947526,18.0
temp,1704809605917726771,18.0
temp,1704809666354901131,18.0
temp,1704809726629351423,18.0
temp,1704809786936912273,18.0
temp,1704809847160961733,18.0
temp,1704809907427270407,18.0
temp,1704809967761052740,18.0
temp,1704810028101169023,18.0
temp,1704810088135864458,18.0
temp,1704810148623913092,18.0
temp,1704810208791752530,18.0
temp,1704810269120665782,18.0
temp,1704810329544297782,18.0
temp,1704810389753870714,18.0
temp,1704810450048049882,18.0
temp,1704810510248488531,18.0
temp,1704810570427240716,18.0
temp,1704810630754748911,18.0
temp,1704810691079404333,18.0
temp,1704810751256377720,18.0
temp,1704810811769758652,18.0
temp,1704810871874869505,18.0
temp,1704810932069179649,18.0
temp,1704810992468545020,18.0
temp,1704811052866675004,18.0
temp,1704811112967200314,18.0
temp,1704811173378513719,18.0
temp,1704811233621200098,18.0
temp,1704811294050221809,18.0
temp,1704811354202699630,18.0
temp,1704811414380980926,18.0
temp,1704811474915844838,18.0
temp,1704811535076986833,18.0
temp,1704811595304370644,18.0
temp,1704811655558476382,18.0
temp,1704811715834318390,18.0
temp,1704811776315022235,18.0
temp,1704811836436760414,18.0
temp,1704811896715419790,18.0
temp,1704811956867028148,18.0
temp,1704812017432302080,18.0
temp,1704812077598973315,18.0
temp,1704812137873190921,18.0
temp,1704812198099790702,18.0
temp,1704812258455818254,18.0
temp,1704812318664374862,18.0
temp,1704812378942643752,18.0
temp,1704812439383873457,18.0
temp,1704812499580222565,18.0
temp,1704812560031350222,18.1
temp,1704812620211247876,18.0
temp,1704812680244846609,18.1
temp,1704812740747007174,18.0
temp,1704812800832837467,18.1
temp,1704812861231351488,18.1
temp,1704812921529805502,18.1
temp,1704812981676180233,18.1
temp,1704813042024556259,18.1
temp,1704813102385619467,18.1
temp,1704813162727372281,18.1
temp,1704813223052510526,18.1
temp,1704813283208385715,18.0
temp,1704813343419650545,18.1
temp,1704813403887915773,18.1
temp,1704813464092568723,18.1
temp,1704813524444193643,18.1
temp,1704813584643682131,18.1
temp,1704813644941013955,18.1
temp,1704813705304795638,18.1
temp,1704813765543311461,18.1
temp,1704813825923513497,18.1
temp,1704813886105202071,18.1
temp,1704813946251999297,18.1
temp,1704814006729778591,18.1
temp,1704814066729480083,18.1
temp,1704814127154515404,18.1
temp,1704814187362345772,18.1
temp,1704814247725801057,18.2
temp,1704814308166457861,18.2
temp,1704814368341937439,18.2
temp,1704814428417475921,18.2
temp,1704814488777103942,18.2
temp,1704814549169298187,18.2
temp,1704814609370903768,18.2
temp,1704814669694900687,18.2
temp,1704814730074202933,18.2
temp,1704814790430418469,18.2
temp,1704814850600781247,18.2
temp,1704814910832992053,18.2
temp,1704814971128918542,18.2
temp,1704815031332029236,18.2
temp,1704815091681917461,18.2
temp,1704815151835146534,18.2
temp,1704815212187397568,18.2
temp,1704815272379423057,18.2
temp,1704815332848376967,18.2
temp,1704815392998691812,18.2
temp,1704815453453400197,18.1
temp,1704815513702617721,18.1
temp,1704815573810188808,18.1
temp,1704815634272573118,18.0
temp,1704815694336989104,18.0
temp,1704815754651045466,18.0
temp,1704815815004328002,18.0
temp,1704815875213231608,18.0
temp,1704815935455297121,18.0
temp,1704815996013480012,18.0
temp,1704816056234067587,17.9
temp,1704816116476390561,18.0
temp,1704816176766551127,17.9
temp,1704816236899869345,17.9
temp,1704816297474544235,17.8
temp,1704816357569312579,17.8
temp,1704816417864664186,17.8
temp,1704816478116720179,17.8
temp,1704816538351569617,17.8
temp,1704816598856356304,17.8
temp,1704816658859187388,17.8
temp,1704816719240206516,17.8
temp,1704816779615721923,17.7
temp,1704816839819315649,17.7
temp,1704816900312827014,17.6
temp,1704816960267535792,17.6
temp,1704817020777809241,17.6
temp,1704817081019929263,17.6
temp,1704817141100702092,17.6
temp,1704817201425223724,17.6
temp,1704817261839319365,17.5
temp,1704817321952483899,17.5
temp,1704817382426993798,17.5
temp,1704817442577899189,17.5
temp,1704817503009319798,17.5
temp,1704817563089725536,17.5
temp,1704817623537915391,17.5
temp,1704817683935594287,17.4
temp,1704817744035328884,17.4
temp,1704817804557040390,17.4
temp,1704817864833078240,17.4
temp,1704817924852044214,17.4
temp,1704817985165840468,17.4
temp,1704818045371030051,17.4
temp,1704818105678073025,17.3
temp,1704818166050193399,17.3
temp,1704818226428943787,17.2
temp,1704818286727415778,17.3
temp,1704818346935592837,17.2
temp,1704818407050267431,17.2
temp,1704818467434160221,17.2
temp,1704818527831872567,17.2
temp,1704818588088319761,17.2
temp,1704818648291539456,17.2
temp,1704818708614603144,17.2
temp,1704818769022176079,17.2
temp,1704818829034216532,17.1
temp,1704818889477548417,17.1
temp,1704818949872334373,17.0
temp,1704819010079167832,17.0
temp,1704819070288735861,17.0
temp,1704819130658986306,17.0
temp,1704819190956661897,17.0
temp,1704819250982447067,17.0
temp,1704819311309646614,17.0
temp,1704819371734982241,17.0
temp,1704819432051854322,16.9
temp,1704819492288748362,16.9
temp,1704819552443643652,16.9
temp,1704819612873644340,16.9
temp,1704819673101677882,16.9
temp,1704819733497682591,16.8
temp,1704819793705249946,16.8
temp,1704819853976166821,16.8
temp,1704819914132680384,16.8
temp,1704819974427091668,16.8
temp,1704820034907071436,16.8
temp,1704820095183627107,16.8
temp,1704820155407257154,16.7
temp,1704820215541001721,16.7
temp,1704820275960862505,16.7
temp,1704820336094746063,16.7
temp,1704820396315467974,16.7
temp,1704820456643567551,16.7
temp,1704820516867983003,16.7
temp,1704820577370817278,16.6
temp,1704820637597691026,16.6
temp,1704820697997966887,16.6
temp,1704820758232669652,16.6
temp,1704820818505608430,16.6
temp,1704820878657088200,16.6
temp,1704820939062993498,16.6
temp,1704820999211968023,16.6
temp,1704821059469613483,16.6
temp,1704821119785335897,16.6
temp,1704821179977365643,16.6
temp,1704821240583173198,16.6
temp,1704821300788897855,16.5
temp,1704821360909420504,16.5
temp,1704821421220522751,16.5
temp,1704821481381966848,16.5
temp,1704821541699564301,16.5
temp,1704821602125375018,16.5
temp,1704821662278872396,16.4
temp,1704821722503846548,16.4
temp,1704821782796405981,16.4
temp,1704821843163607409,16.4
temp,1704821903511642828,16.4
temp,1704821963716476853,16.4
temp,1704822024187101965,16.4
temp,1704822084320142147,16.4
temp,1704822144674987571,16.4
temp,1704822204819410169,16.4
temp,1704822265084347188,16.4
temp,1704822325520616238,16.4
temp,1704822385799082071,16.4
temp,1704822446204411905,16.4
temp,1704822506350805102,16.3
temp,1704822566527945044,16.3
temp,1704822626767666514,16.3
temp,1704822687034526097,16.2
temp,1704822747610207856,16.2
temp,1704822807585672685,16.3
temp,1704822867888396259,16.3
temp,1704822928390832796,16.3
temp,1704822988693387200,16.2
temp,1704823048766174091,16.2
temp,1704823109042433108,16.2
temp,1704823169423314588,16.2
temp,1704823229676839143,16.2
temp,1704823289908167022,16.2
temp,1704823350276376213,16.2
temp,1704823410401103974,16.2
temp,1704823470957421511,16.1
temp,1704823531068379013,16.1
temp,1704823591485312380,16.1
temp,1704823651695738993,16.1
temp,1704823712011133434,16.1
temp,1704823772263126622,16.1
temp,1704823832598494260,16.1
temp,1704823892863659339,16.1
temp,1704823953219519022,16.1
temp,1704824013230430296,16.1
temp,1704824073725932398,16.1
temp,1704824133925853989,16.1
temp,1704824194084215249,16.1
temp,1704824254685306280,16.1
temp,1704824314702134098,16.0
temp,1704824375203723029,16.0
temp,1704824435331411848,16.0
temp,1704824495634314173,16.0
temp,1704824556035426647,16.0
temp,1704824616200500663,16.0
temp,1704824676566408034,16.0
temp,1704824736693951088,16.0
temp,1704824796947699153,16.0
temp,1704824857370661649,16.0
temp,1704824917654558133,16.0
temp,1704824977948031426,16.0
temp,1704825038049773494,16.1
temp,1704825098278767594,16.0
temp,1704825158676874727,16.0
temp,1704825218856856482,16.1
temp,1704825279131141741,16.1
temp,1704825339465706501,16.1
temp,1704825399832409095,16.1
temp,1704825460093328846,16.1
temp,1704825520544477488,16.1
temp,1704825580791501066,16.0
temp,1704825640924924476,16.1
temp,1704825701146532323,16.1
temp,1704825761472199036,16.1
temp,1704825821783897019,16.1
temp,1704825882149639880,16.1
temp,1704825942329450496,16.1
temp,1704826002636791289,16.1
temp,1704826062940948511,16.1
temp,1704826123060533332,16.1
temp,1704826183583807924,16.0
temp,1704826243814478629,16.0
temp,1704826304176095446,16.0
temp,1704826364293636106,16.0
temp,1704826424469320664,16.0
temp,1704826485046753762,16.0
temp,1704826545168152823,16.0
temp,1704826605343884433,16.0
temp,1704826665597157787,16.0
temp,1704826725986550078,16.0
temp,1704826786302218081,16.0
temp,1704826846491669420,16.0
temp,1704826906913300544,16.0
temp,1704826967324059515,16.0
temp,1704827027584227617,16.0
temp,1704827087808330562,16.0
temp,1704827147984872656,16.0
temp,1704827208191093837,16.0
temp,1704827268699165461,16.0
temp,1704827328724270731,16.0
temp,1704827389141893658,16.0
temp,1704827449529585585,16.0
temp,1704827510499247496,16.0
temp,1704827569876453485,16.0
temp,1704827630299079694,16.0
temp,1704827690580834325,16.0
temp,1704827750701374498,16.0
temp,1704827811032087950,16.0
temp,1704827871254834247,16.0
temp,1704827931510322711,15.9
temp,1704827991840383548,16.0
temp,1704828052154594070,15.9
temp,1704828112572130477,16.0
temp,1704828172688237802,16.0
temp,1704828233041739971,16.0
temp,1704828293243107671,16.0
temp,1704828353659739837,16.0
temp,1704828413973099606,15.9
temp,1704828474274348970,15.9
temp,1704828534523510761,15.9
temp,1704828594651163957,15.9
temp,1704828655151563115,15.9
temp,1704828715180909999,15.8
temp,1704828775589002625,15.8
temp,1704828835984417733,15.8
temp,1704828896187293373,15.8
temp,1704828956536641473,15.8
temp,1704829016787838614,15.8
temp,1704829076882263213,15.8
temp,1704829137409439202,15.8
temp,1704829197477696578,15.8
temp,1704829257852425624,15.8
temp,1704829318102698827,15.8
temp,1704829378306255384,15.8
temp,1704829438702745912,15.8
temp,1704829499032687701,15.8
temp,1704829559234703181,15.8
temp,1704829619510048992,15.8
temp,1704829679818281133,15.8
temp,1704829740235576890,15.7
temp,1704829792333901052,1
temp,1704829792397929606,2
temp,1704829800312817096,15.7
temp,1704829860657578928,15.7
temp,1704829920847773738,15.8
temp,1704829981192923899,15.7
temp,1704830041498886361,15.7
temp,1704830101777910463,15.7
temp,1704830162027920593,15.7
temp,1704830222333216147,15.6
temp,1704830282652854605,15.7
temp,1704830342873362462,15.7
temp,1704830403188496882,15.7
temp,1704830463509591323,15.7
temp,1704830523717001159,15.7
temp,1704830584186505000,15.7
temp,1704830644439532334,15.8
temp,1704830704715985473,15.7
temp,1704830764925565135,15.7
temp,1704830825300758990,15.7
temp,1704830885494064133,15.7
temp,1704830945699269582,15.7
temp,1704831006123121290,15.6
temp,1704831066230531525,15.6
temp,1704831126684386502,15.6
temp,1704831186903010632,15.6
temp,1704831247260963719,15.6
temp,1704831307456482918,15.6
temp,1704831367600870009,15.6
temp,1704831428111853984,15.7
temp,1704831488262425103,15.7
temp,1704831548539543080,15.7
temp,1704831608939829593,15.7
temp,1704831669194374805,15.7
temp,1704831729327695183,15.7
temp,1704831789726525284,15.7
temp,1704831849929046484,15.7
temp,1704831910323382188,15.7
temp,1704831970429814875,15.7
temp,1704832030852765880,15.7
temp,1704832091150072587,15.7
temp,1704832151506083521,15.7
temp,1704832211540215853,15.7
temp,1704832272036433531,15.6
temp,1704832332361569656,15.6
temp,1704832392515845769,15.6
temp,1704832452823180461,15.6
temp,1704832513192031962,15.6
temp,1704832573198111125,15.6
temp,1704832633724375147,15.6
temp,1704832694021293380,15.6
temp,1704832754323304793,15.6
temp,1704832814434219941,15.6
temp,1704832874778145826,15.6
temp,1704832935203321248,15.6
temp,1704832995359404582,15.6
temp,1704833055762029861,15.6
temp,1704833115909359556,15.6
temp,1704833176139037455,15.6
temp,1704833236468314550,15.6
temp,1704833296789896219,15.6
temp,1704833356967013394,15.6
temp,1704833417157685458,15.6
temp,1704833477545869560,15.6
temp,1704833537882366328,15.6
temp,1704833598326829250,15.6
temp,1704833658489206961,15.6
temp,1704833718676130343,15.6
temp,1704833778983507254,15.6
temp,1704833839230813071,15.6
temp,1704833899672265081,15.6
temp,1704833959757195745,15.6
temp,1704834020168225865,15.6
temp,1704834080503595628,15.6
temp,1704834140838489741,15.6
temp,1704834200915652130,15.5
temp,1704834261372353874,15.5
temp,1704834321494639513,15.6
temp,1704834381920956809,15.5
temp,1704834442160269250,15.5
temp,1704834502225351569,15.5
temp,1704834562502673698,15.5
temp,1704834623079703071,15.5
temp,1704834683178121249,15.5
temp,1704834743481143473,15.5
temp,1704834803908143489,15.5
temp,1704834864086469753,15.5
temp,1704834924476197533,15.5
temp,1704834984629333150,15.5
temp,1704835044861100555,15.5
temp,1704835105240777260,15.5
temp,1704835165393223356,15.5
temp,1704835225847989445,15.5
temp,1704835286047298618,15.5
temp,1704835346225591818,15.5
temp,1704835406575696660,15.5
temp,1704835466947189682,15.5
temp,1704835527277585148,15.4
temp,1704835587555857351,15.5
temp,1704835647731907951,15.4
temp,1704835708018182120,15.5
temp,1704835768355072598,15.5
temp,1704835828566113452,15.5
temp,1704835888713804282,15.5
temp,1704835949267992101,15.5
temp,1704836009341315262,15.5
temp,1704836069674315518,15.5
temp,1704836129996598486,15.5
temp,1704836190371380848,15.4
temp,1704836250428182681,15.4
temp,1704836310828974865,15.4
temp,1704836371081665454,15.4
temp,1704836431430595717,15.4
temp,1704836491605681369,15.4
temp,1704836551857480762,15.4
temp,1704836612289748462,15.4
temp,1704836672552408955,15.4
temp,1704836732660603772,15.4
temp,1704836793018631863,15.5
temp,1704836853325723275,15.5
temp,1704836913546553108,15.5
temp,1704836973819479286,15.5
temp,1704837034135301208,15.5
temp,1704837094449031261,15.5
temp,1704837154900410778,15.5
temp,1704837214901889860,15.4
temp,1704837275355907862,15.5
temp,1704837335465547671,15.5
temp,1704837395819895931,15.5
temp,1704837456226106212,15.5
temp,1704837516545801919,15.4
temp,1704837576590051696,15.5
temp,1704837637013879984,15.4
temp,1704837697371608401,15.4
temp,1704837757430468763,15.4
temp,1704837817801086885,15.4
temp,1704837878146439427,15.4
temp,1704837938272738300,15.4
temp,1704837998825277590,15.4
temp,1704838058962527397,15.4
temp,1704838119182462227,15.4
temp,1704838179526905173,15.4
temp,1704838239928992419,15.4
temp,1704838300220758899,15.4
temp,1704838360427217289,15.4
temp,1704838420710724222,15.4
temp,1704838480916788532,15.4
temp,1704838541395548550,15.4
temp,1704838601591410680,15.4
temp,1704838661869972653,15.4
temp,1704838722049526461,15.4
temp,1704838782226313912,15.4
temp,1704838842576353407,15.4
temp,1704838902940082791,15.4
temp,1704838963178848491,15.4
temp,1704839023471254923,15.4
temp,1704839083907031062,15.4
temp,1704839144236084439,15.4
temp,1704839204283542599,15.4
temp,1704839264587252103,15.4
temp,1704839324898298085,15.4
temp,1704839385113415774,15.4
temp,1704839445542540890,15.4
temp,1704839505744356661,15.4
temp,1704839566085119005,15.4
temp,1704839626297368134,15.4
temp,1704839686681270404,15.4
temp,1704839746825193622,15.4
temp,1704839807007907260,15.4
temp,1704839867552917201,15.4
temp,1704839927609581547,15.4
temp,1704839987916926634,15.4
temp,1704840048359329439,15.4
temp,1704840108508763906,15.4
temp,1704840168834507093,15.4
temp,1704840229281803998,15.3
temp,1704840289524223562,15.3
temp,1704840349667073213,15.3
temp,1704840409875625171,15.3
temp,1704840470258892742,15.3
temp,1704840530623647030,15.3
temp,1704840590807274233,15.3
temp,1704840650978040683,15.3
temp,1704840711450742249,15.3
temp,1704840771629289358,15.3
temp,1704840832064222720,15.3
temp,1704840892381873755,15.3
temp,1704840952458194014,15.3
temp,1704841012932999843,15.3
temp,1704841073050337229,15.3
temp,1704841133354030119,15.3
temp,1704841193743677563,15.3
temp,1704841253823317536,15.3
temp,1704841314271555052,15.3
temp,1704841374397979798,15.3
temp,1704841434660492673,15.3
temp,1704841494952603840,15.3
temp,1704841555352616851,15.3
temp,1704841615632803275,15.3
temp,1704841675880553134,15.3
temp,1704841736134964303,15.3
temp,1704841796343909091,15.3
temp,1704841856837772065,15.3
temp,1704841916861867623,15.3
temp,1704841977317512939,15.3
temp,1704842037730807239,15.3
temp,1704842097717701973,15.3
temp,1704842158052848150,15.3
temp,1704842218371478526,15.3
temp,1704842278750977953,15.3
temp,1704842339101964005,15.3
temp,1704842399252213713,15.3
temp,1704842459415755201,15.3
temp,1704842519906504834,15.3
temp,1704842580205627919,15.3
temp,1704842640465235332,15.3
temp,1704842700684735298,15.3
temp,1704842760836402158,15.3
temp,1704842821201002372,15.3
temp,1704842881616161695,15.3
temp,1704842941928272163,15.3
temp,1704843002168856758,15.3
temp,1704843062313981244,15.3
temp,1704843122646466926,15.3
temp,1704843182802702872,15.3
temp,1704843243191526983,15.3
temp,1704843303609139743,15.3
temp,1704843363685127908,15.3
temp,1704843424147146949,15.3
temp,1704843484188776850,15.3
temp,1704843544686047777,15.3
temp,1704843604743908552,15.3
temp,1704843665137194481,15.3
temp,1704843725498045308,15.3
temp,1704843785715959241,15.3
temp,1704843845923460832,15.3
temp,1704843906397960831,15.3
temp,1704843966425415687,15.3
temp,1704844026976550412,15.3
temp,1704844087074980982,15.3
temp,1704844147351620461,15.3
temp,1704844207665252747,15.2
temp,1704844267962617137,15.2
temp,1704844328406839581,15.3
temp,1704844388591562604,15.2
temp,1704844448833995521,15.2
temp,1704844509285138726,15.2
temp,1704844569386487011,15.2
temp,1704844629720916157,15.2
temp,1704844690017418090,15.2
temp,1704844750324568321,15.2
temp,1704844810570782755,15.2
temp,1704844870746045831,15.2
temp,1704844931242616110,15.2
temp,1704844991278295071,15.2
temp,1704845052722565031,15.2
temp,1704845111979974858,15.2
temp,1704845172058882419,15.2
temp,1704845232559444292,15.2
temp,1704845292636892056,15.2
temp,1704845353037497927,15.2
temp,1704845413495893172,15.2
temp,1704845473690083312,15.2
temp,1704845533931196512,15.2
temp,1704845594247397951,15.2
temp,1704845654651416424,15.2
temp,1704845714698222294,15.2
temp,1704845774952572262,15.2
temp,1704845835399926443,15.2
temp,1704845895601651961,15.2
temp,1704845956031653776,15.2
temp,1704846016082857918,15.1
temp,1704846076435646111,15.1
temp,1704846136683569762,15.1
temp,1704846196885489819,15.2
temp,1704846257311657468,15.2
temp,1704846317689222852,15.1
temp,1704846377785114874,15.1
temp,1704846437972588689,15.1
temp,1704846498542459878,15.1
temp,1704846558549225895,15.2
temp,1704846619069266130,15.2
temp,1704846679299607418,15.2
temp,1704846739505794016,15.2
temp,1704846799844881869,15.2
temp,1704846860034189359,15.2
temp,1704846920299741935,15.2
temp,1704846980637005869,15.1
temp,1704847040924347724,15.1
temp,1704847101073148623,15.1
temp,1704847161664452104,15.1
temp,1704847221916119603,15.1
temp,1704847281918446370,15.1
temp,1704847342394695914,15.1
temp,1704847402769230121,15.2
temp,1704847462976472403,15.1
temp,1704847523199960789,15.1
temp,1704847583575489718,15.1
temp,1704847643601721439,15.2
temp,1704847703949092183,15.1
temp,1704847764313923337,15.1
temp,1704847824657815339,15.1
temp,1704847884741648580,15.1
temp,1704847945022965258,15.1
temp,1704848005373098571,15.1
temp,1704848065754696894,15.1
temp,1704848126039778800,15.1
temp,1704848186175435792,15.1
temp,1704848246611485733,15.1
temp,1704848306879271262,15.1
temp,1704848367115059990,15.1
temp,1704848427475688942,15.1
temp,1704848487700963653,15.1
temp,1704848548039877686,15.1
temp,1704848608199745312,15.1
temp,1704848668494478180,15.0
temp,1704848728779289100,15.0
temp,1704848789136376059,15.0
temp,1704848849387409928,15.0
temp,1704848909716232700,15.1
temp,1704848969911608615,15.0
temp,1704849030341651010,15.0
temp,1704849090677632410,15.0
temp,1704849150849158887,15.0
temp,1704849211107300443,15.0
temp,1704849271475627203,15.0
temp,1704849331710035791,15.0
temp,1704849392069017670,15.0
temp,1704849452388487673,15.0
temp,1704849512656958982,15.0
temp,1704849572695047545,15.0
temp,1704849633091190588,15.0
temp,1704849693286736611,15.0
temp,1704849753563015403,15.0
temp,1704849813938617464,15.0
temp,1704849874143722748,15.0
temp,1704849934483528770,15.0
temp,1704849994895651867,15.0
temp,1704850054911343551,15.0
temp,1704850115279179169,15.0
temp,1704850175752928153,15.0
temp,1704850236009858066,15.0
temp,1704850296141644421,15.0
temp,1704850356459960407,15.1
temp,1704850416669129559,15.0
temp,1704850476932374743,15.0
temp,1704850537441281343,15.0
temp,1704850597539736957,15.0
temp,1704850657873087608,15.0
temp,1704850718162741017,15.0
temp,1704850778497792716,15.0
temp,1704850838598890331,15.0
temp,1704850898924011736,15.0
temp,1704850959390813844,15.0
temp,1704851019405178970,15.0
temp,1704851079990635733,15.0
temp,1704851140069888725,15.0
temp,1704851200253723999,15.0
temp,1704851260562662894,15.0
temp,1704851321069875280,15.0
temp,1704851381408543665,15.0
temp,1704851441618043611,15.0
temp,1704851501862374994,15.0
temp,1704851561991612032,15.0
temp,1704851622291373137,15.0
temp,1704851682794706689,15.0
temp,1704851742861334885,15.0
temp,1704851803121069109,15.0
temp,1704851863598092251,15.1
temp,1704851923700723373,15.0
temp,1704851984156721650,15.1
temp,1704852044454988032,15.1
temp,1704852104641301132,15.1
temp,1704852164907479822,15.1
temp,1704852225249461781,15.1
temp,1704852285435605398,15.0
temp,1704852345814679351,15.1
temp,1704852405963021527,15.1
temp,1704852466342729442,15.1
temp,1704852526669976346,15.1
temp,1704852586818457665,15.1
temp,1704852647155966312,15.1
temp,1704852707476780520,15.0
temp,1704852767623310066,15.1
temp,1704852827891681958,15.1
temp,1704852888156690324,15.1
temp,1704852948621731239,15.0
temp,1704853008939845668,15.0
temp,1704853069207354141,15.0
temp,1704853129337889919,15.0
temp,1704853189675884697,15.0
temp,1704853249836793579,15.0
temp,1704853310238222285,15.0
temp,1704853370481596788,15.0
temp,1704853430937728569,15.0
temp,1704853491093963206,15.1
temp,1704853551352513379,15.0
temp,1704853611683189463,15.0
temp,1704853672085609704,15.0
temp,1704853732304923379,15.0
temp,1704853792580205352,15.0
temp,1704853852884539091,15.0
temp,1704853913262869092,15.1
temp,1704853973366741013,15.1
temp,1704854033662865011,15.1
temp,1704854094038066850,15.1
temp,1704854154168828934,15.1
temp,1704854214603335204,15.1
temp,1704854274607705379,15.1
temp,1704854335150303938,15.1
temp,1704854395246520881,15.1
temp,1704854455673808425,15.1
temp,1704854515780195627,15.1
temp,1704854576012629123,15.0
temp,1704854636455987143,15.0
temp,1704854696683497281,15.0
temp,1704854757122037484,15.0
temp,1704854817335099012,15.0
temp,1704854877713058953,15.0
temp,1704854937973740204,15.0
temp,1704854998172716821,15.0
temp,1704855058422721059,15.0
temp,1704855118825458907,15.0
temp,1704855179013876428,15.0
temp,1704855239187663446,15.0
temp,1704855299503284783,15.0
temp,1704855359755764223,15.0
temp,1704855420202083758,15.0
temp,1704855480303079269,15.0
temp,1704855540591575477,15.0
temp,1704855600957489196,15.0
temp,1704855661219590000,15.0
temp,1704855721513319278,15.0
temp,1704855781914028542,15.0
temp,1704855842117677995,15.0
temp,1704855902375747619,15.0
temp,1704855962491791738,15.0
temp,1704856022767546008,15.0
temp,1704856083222671367,15.0
temp,1704856143472758216,15.0
temp,1704856203746668747,15.0
temp,1704856264175391637,15.0
temp,1704856324432134290,15.0
temp,1704856384556702639,15.0
temp,1704856444996633658,15.0
temp,1704856505032370462,15.0
temp,1704856565388556892,15.0
temp,1704856625808836986,15.0
temp,1704856685965344520,15.0
temp,1704856746196715603,15.0
temp,1704856806500145926,15.0
temp,1704856866892016434,15.0
temp,1704856927207411206,15.0
temp,1704856987571651233,15.0
temp,1704857047547369628,15.0
temp,1704857107968314667,15.0
temp,1704857168254599037,15.0
temp,1704857228505301979,15.0
temp,1704857288830387741,15.0
temp,1704857349114411254,15.0
temp,1704857409348264901,15.0
temp,1704857469642110332,15.0
temp,1704857529874047028,15.0
temp,1704857590221642013,15.0
temp,1704857650516529485,15.0
temp,1704857710849931373,14.9
temp,1704857771095328659,14.9
temp,1704857831196793418,15.0
temp,1704857891481258551,15.0
temp,1704857951873511600,15.0
temp,1704858012301804005,14.9
temp,1704858072379282806,14.9
temp,1704858132872311327,14.9
temp,1704858193084620523,14.9
temp,1704858253294032402,14.9
temp,1704858313637666589,14.9
temp,1704858373820370482,14.9
temp,1704858434166305450,14.9
temp,1704858494415898386,14.9
temp,1704858554865311370,14.9
temp,1704858614917668127,14.9
temp,1704858675297666260,14.9
temp,1704858735496684294,14.9
temp,1704858795824966475,14.9
temp,1704858856048855344,14.9
temp,1704858916476431804,14.9
temp,1704858976803853975,14.9
temp,1704859036830120417,14.9
temp,1704859097109203416,14.9
temp,1704859157483135642,14.9
temp,1704859217734701542,14.9
temp,1704859278138259804,14.9
temp,1704859338527701562,14.8
temp,1704859398690911612,14.9
temp,1704859458873261849,14.9
temp,1704859519347128229,14.9
temp,1704859579545684454,14.9
temp,1704859639690315763,14.9
temp,1704859700173717756,14.9
temp,1704859760281470282,14.9
temp,1704859820643466169,14.9
temp,1704859881005771672,14.9
temp,1704859941159068117,14.9
temp,1704860001471603665,14.9
temp,1704860061859493225,14.9
temp,1704860121963297207,14.9
temp,1704860182462969352,14.9
temp,1704860242468745847,14.9
temp,1704860303009490479,14.9
temp,1704860363195124956,14.9
temp,1704860423479996520,14.9
temp,1704860483849737382,14.9
temp,1704860543892187169,14.9
temp,1704860604205660862,14.9
temp,1704860664477723198,14.9
temp,1704860724936853828,14.9
temp,1704860785254564557,14.9
temp,1704860845337158452,14.9
temp,1704860905710359729,14.9
temp,1704860966062578844,14.9
temp,1704861026303240348,14.9
temp,1704861086664851617,14.9
temp,1704861146795045968,14.9
temp,1704861207092067960,14.9
temp,1704861267294822085,14.9
temp,1704861327772185348,14.9
temp,1704861388005010456,14.9
temp,1704861448326398806,14.9
temp,1704861508379648610,14.9
temp,1704861568663471200,14.9
temp,1704861629061285520,14.9
temp,1704861689545237831,14.9
temp,1704861749675520690,14.9
temp,1704861809786114223,14.9
temp,1704861870236227006,14.9
temp,1704861930663003154,14.9
temp,1704861990770375062,14.9
temp,1704862050945838731,14.9
temp,1704862111305757322,14.9
temp,1704862171548244797,14.9
temp,1704862232072207407,14.9
temp,1704862292225582044,14.9
temp,1704862352512871900,14.9
temp,1704862412778576052,14.9
temp,1704862472979066063,14.9
temp,1704862533282300350,14.9
temp,1704862593536752297,14.9
temp,1704862654017498178,14.9
temp,1704862714064620177,14.9
temp,1704862774378270863,14.9
temp,1704862834648789959,14.9
temp,1704862895141226406,14.9
temp,1704862955193995899,14.9
temp,1704863015430497401,14.9
temp,1704863075721627360,14.9
temp,1704863136167126683,14.9
temp,1704863196353025310,14.9
temp,1704863256681699462,14.9
temp,1704863316878658978,14.9
temp,1704863377259793829,14.9
temp,1704863437382053541,14.9
temp,1704863497786186198,14.9
temp,1704863558148371307,14.9
temp,1704863618320780707,14.9
temp,1704863678718783438,14.9
temp,1704863738925669473,15.0
temp,1704863799141938004,14.9
temp,1704863859473323813,14.9
temp,1704863919871087333,14.9
temp,1704863980047859150,14.9
temp,1704864040374488344,14.9
temp,1704864100652518769,14.9
temp,1704864160781923402,14.9
temp,1704864221284244662,14.9
temp,1704864281442881556,14.9
temp,1704864341621281825,14.9
temp,1704864401966777381,15.0
temp,1704864462350445468,15.0
temp,1704864522697733211,14.9
temp,1704864582940539289,14.9
temp,1704864643296931233,14.9
temp,1704864703470853770,14.9
temp,1704864763647362747,14.9
temp,1704864823972562535,14.9
temp,1704864884349414989,14.9
temp,1704864944484575388,14.9
temp,1704865004771955627,14.9
temp,1704865065162579998,14.9
temp,1704865125356549253,14.9
temp,1704865185558999580,14.9
temp,1704865246061184573,14.9
temp,1704865306114699620,14.9
temp,1704865366465130243,14.9
temp,1704865426798718831,14.9
temp,1704865487140555679,14.9
temp,1704865547325067793,14.9
temp,1704865607647057530,14.9
temp,1704865667848420417,14.9
temp,1704865728250244965,14.9
temp,1704865788474983847,14.9
temp,1704865848829427746,14.9
temp,1704865909007149641,14.9
temp,1704865969481235661,14.9
temp,1704866029606436051,14.9
temp,1704866089786991371,14.9
temp,1704866150085929678,14.9
temp,1704866210474006681,14.9
temp,1704866270694362478,14.9
temp,1704866331083276849,14.9
temp,1704866391375601843,14.9
temp,1704866451543580403,14.9
temp,1704866512022417836,14.9
temp,1704866572155180278,14.9
temp,1704866632506089905,14.9
temp,1704866692679974726,14.9
temp,1704866752968797901,14.9
temp,1704866813369748927,14.9
temp,1704866873535408097,14.9
temp,1704866933957962196,14.9
temp,1704866994134765877,14.9
temp,1704867054519789394,14.9
temp,1704867114680507709,14.9
temp,1704867174964533488,14.9
temp,1704867235340960181,14.9
temp,1704867295544432767,14.9
temp,1704867355881678601,14.9
temp,1704867416224450756,14.9
temp,1704867476426058824,14.9
temp,1704867536727166223,14.9
temp,1704867596985265814,14.8
temp,1704867657212550825,14.8
temp,1704867717381968973,14.8
temp,1704867777808964553,14.8
temp,1704867837937192294,14.9
temp,1704867898262577948,14.9
temp,1704867958566020794,14.9
temp,1704868018796025340,14.8
temp,1704868079366160335,14.8
temp,1704868139353146842,14.8
temp,1704868199823932417,14.9
temp,1704868259981906421,14.8
temp,1704868320497839304,14.8
temp,1704868380658704002,14.9
temp,1704868440926591830,14.8
temp,1704868501238207794,14.8
temp,1704868561395075710,14.9
temp,1704868621762230248,14.8
temp,1704868681972165950,14.8
temp,1704868742214214519,14.8
temp,1704868802619810884,14.9
temp,1704868862764433531,14.8
temp,1704868923240669362,14.8
temp,1704868983393266422,14.8
temp,1704869043718946270,14.8
temp,1704869104020568015,14.8
temp,1704869164464377779,14.8
temp,1704869224429140961,14.8
temp,1704869284756913842,14.8
temp,1704869345122700372,14.8
temp,1704869405469274344,14.8
temp,1704869465731161294,14.8
temp,1704869526086439061,14.8
temp,1704869586310237623,14.8
temp,1704869646488803893,14.8
temp,1704869706716422217,14.8
temp,1704869767272905802,14.8
temp,1704869827529894791,14.8
temp,1704869887718767303,14.8
temp,1704869947852485000,14.8
temp,1704870008302260575,14.8
temp,1704870068555716250,14.8
temp,1704870128874918909,14.8
temp,1704870189062766109,14.8
temp,1704870249381591006,14.8
temp,1704870309731794262,14.8
temp,1704870370003932064,14.8
temp,1704870430112037581,14.8
temp,1704870490534884350,14.9
temp,1704870550636397463,14.9
temp,1704870611088281633,14.8
temp,1704870671392989065,14.8
temp,1704870731567513733,14.8
temp,1704870791869969327,14.8
temp,1704870852230910872,14.8
temp,1704870912376407787,14.8
temp,1704870972651204983,14.8
temp,1704871032956145077,14.8
temp,1704871093358978215,14.8
temp,1704871153462164042,14.8
temp,1704871213731877643,14.8
temp,1704871274050070270,14.8
temp,1704871334440351250,14.8
temp,1704871394614309915,14.8
temp,1704871455118081586,14.8
temp,1704871515171726670,14.8
temp,1704871575567838864,14.8
temp,1704871635825447607,14.8
temp,1704871696035984939,14.8
temp,1704871756348504523,14.8
temp,1704871816668800353,14.8
temp,1704871876939027306,14.8
temp,1704871937082639925,14.8
temp,1704871997605997562,14.9
temp,1704872057957085611,14.9
temp,1704872117941075991,14.9
temp,1704872178550111158,14.9
temp,1704872238668859330,14.9
temp,1704872299037560321,14.9
temp,1704872359355782946,14.8
temp,1704872419419971636,14.8
temp,1704872479770369960,14.9
temp,1704872539900600359,14.9
temp,1704872600473520759,14.9
temp,1704872660549041239,14.9
temp,1704872720861915689,14.9
temp,1704872781152694910,14.9
temp,1704872841430479889,14.9
temp,1704872901878899547,14.9
temp,1704872961942178658,14.9
temp,1704873022207180463,14.9
temp,1704873082516904516,14.9
temp,1704873142718568926,15.0
temp,1704873203142582839,15.0
temp,1704873263492207613,15.0
temp,1704873323594878365,15.0
temp,1704873384084605001,15.0
temp,1704873444397681330,15.0
temp,1704873504672863731,15.0
temp,1704873564949261892,15.0
temp,1704873625099934836,15.0
temp,1704873685251075256,15.0
temp,1704873745529153343,15.0
temp,1704873806054030704,15.1
temp,1704873866416090050,15.0
temp,1704873926458993331,15.0
temp,1704873986826203606,15.0
temp,1704874047027444533,15.0
temp,1704874107369039240,15.0
temp,1704874167580812650,15.0
temp,1704874228041091708,15.0
temp,1704874288105339824,15.0
temp,1704874348526074369,15.1
temp,1704874408753812254,15.1
temp,1704874469202336455,15.1
temp,1704874529275109211,15.1
temp,1704874589787052166,15.1
temp,1704874650060112627,15.1
temp,1704874710115360924,15.1
temp,1704874770410254944,15.1
temp,1704874830884551646,15.1
temp,1704874891071560672,15.2
temp,1704874951410181540,15.2
temp,1704875011483629321,15.2
temp,1704875071979891665,15.2
temp,1704875132216893783,15.2
temp,1704875192371374576,15.2
temp,1704875252846693211,15.3
temp,1704875313292413890,15.3
temp,1704875373387564294,15.3
temp,1704875433645154720,15.3
temp,1704875493871351112,15.3
temp,1704875554191076544,15.3
temp,1704875614459602133,15.3
temp,1704875674623453839,15.4
temp,1704875735122277579,15.4
temp,1704875795187512536,15.4
temp,1704875855462833842,15.4
temp,1704875915692292565,15.4
temp,1704875976147203188,15.4
temp,1704876036245616552,15.4
temp,1704876096676707399,15.4
temp,1704876157047535636,15.4
temp,1704876217234342253,15.4
temp,1704876277376418271,15.5
temp,1704876337703270052,15.5
temp,1704876398005469878,15.6
temp,1704876458483673224,15.6
temp,1704876518899954131,15.6
temp,1704876578837914434,15.6
temp,1704876639341276287,15.6
temp,1704876699364351535,15.6
temp,1704876759725361515,15.7
temp,1704876820018582332,15.8
temp,1704876880270913150,15.8
temp,1704876940555114996,15.8
temp,1704877001073089746,15.8
temp,1704877061387929386,15.8
temp,1704877121351988692,15.8
temp,1704877181784264918,15.9
temp,1704877242058327646,15.9
temp,1704877302266495375,15.9
temp,1704877362450850342,15.9
temp,1704877423007453716,16.0
temp,1704877483071351332,16.0
temp,1704877543649884936,16.0
temp,1704877603893010228,16.0
temp,1704877663899354734,16.0
temp,1704877724125688454,16.0
temp,1704877784473172348,16.0
temp,1704877844947843430,16.1
temp,1704877905101154883,16.1
temp,1704877965455399472,16.1
temp,1704878025765295472,16.1
temp,1704878085966138262,16.1
temp,1704878146362970926,16.2
temp,1704878206383795361,16.2
temp,1704878267014292903,16.3
temp,1704878327068893318,16.4
temp,1704878387414960864,16.4
temp,1704878447568626358,16.4
temp,1704878508092725667,16.4
temp,1704878568201493037,16.4
temp,1704878628403827918,16.5
temp,1704878688877733900,16.5
temp,1704878749151653824,16.5
temp,1704878809302494026,16.5
temp,1704878869654851305,16.6
temp,1704878929882847814,16.6
temp,1704878990348811114,16.6
temp,1704879050481926148,16.7
temp,1704879110875204575,16.7
temp,1704879171113026038,16.7
temp,1704879231367434319,16.8
temp,1704879291608856140,16.8
temp,1704879351745239282,16.8
temp,1704879412033590280,16.8
temp,1704879472294279339,16.8
temp,1704879532625229887,16.8
temp,1704879592881565109,16.8
temp,1704879653139702367,16.9
temp,1704879713507447661,16.9
temp,1704879773915541176,16.9
temp,1704879834161492946,17.0
temp,1704879894341329670,17.0
temp,1704879954617390310,17.0
temp,1704880015072709438,17.1
temp,1704880075288149638,17.1
temp,1704880135444409003,17.2
temp,1704880195805906852,17.2
temp,1704880256099100494,17.3
temp,1704880316375428083,17.4
temp,1704880376840043535,17.5
temp,1704880437066977400,17.5
temp,1704880497329745020,17.6
temp,1704880557486523317,17.7
temp,1704880617827606259,17.8
temp,1704880678012017135,17.8
temp,1704880738232642909,18.0
temp,1704880798492756579,18.0
temp,1704880858819248904,18.0
temp,1704880919296768577,18.0
temp,1704880979343188333,18.1
temp,1704881039794224751,18.1
temp,1704881099975007236,18.2
temp,1704881160321384426,18.2
temp,1704881220638092448,18.3
temp,1704881280836008235,18.4
temp,1704881341125904009,18.4
temp,1704881401541144397,18.5
temp,1704881461782680941,18.5
temp,1704881521991607288,18.6
temp,1704881582242661037,18.6
temp,1704881642621689065,18.7
temp,1704881702947118516,18.7
temp,1704881763417996907,18.8
temp,1704881823565812907,18.8
temp,1704881883789888041,18.9
temp,1704881943843850649,18.9
temp,1704882004219594403,19.0
temp,1704882064665205482,19.0
temp,1704882124828427061,19.1
temp,1704882185054719882,19.2
temp,1704882245593445587,19.3
temp,1704882305778514319,19.4
temp,1704882365959556738,19.4
temp,1704882426234629046,19.5
temp,1704882486409149605,19.5
temp,1704882546690253104,19.5
temp,1704882607163092057,19.5
temp,1704882667348274737,19.5
temp,1704882727769587144,19.5
temp,1704882787978041946,19.5
temp,1704882848147974585,19.6
temp,1704882908540086457,19.6
temp,1704882968849523285,19.7
temp,1704883029273757383,19.7
temp,1704883089292494180,19.7
temp,1704883149678872015,19.8
temp,1704883209766487172,19.8
temp,1704883270036520476,19.9
temp,1704883330611086500,20.0
temp,1704883390860664394,20.0
temp,1704883450887641755,20.0
temp,1704883511392231516,20.0
temp,1704883571644571877,20.0
temp,1704883631869079121,20.0
temp,1704883692128681848,20.1
temp,1704883752493071875,20.1
temp,1704883812738850115,20.1
temp,1704883872850649607,20.1
temp,1704883933180421777,20.2
temp,1704883993536082828,20.3
temp,1704884053711116815,20.3
temp,1704884114058488563,20.3
temp,1704884174283567867,20.3
temp,1704884234663503411,20.3
temp,1704884294963526111,20.3
temp,1704884355190836001,20.3
temp,1704884415700200379,20.3
temp,1704884475965236455,20.4
temp,1704884536201870998,20.4
temp,1704884596266214564,20.4
temp,1704884656650393700,20.4
temp,1704884717101443935,20.5
temp,1704884777086572599,20.5
temp,1704884837418295639,20.5
temp,1704884897907697994,20.5
temp,1704884958106656470,20.5
temp,1704885018335171099,20.5
temp,1704885078575604602,20.5
temp,1704885138989581018,20.5
temp,1704885199202848957,20.5
temp,1704885259543269748,20.5
temp,1704885319870060175,20.5
temp,1704885380074073431,20.5
temp,1704885440203805919,20.5
temp,1704885500698730583,20.5
temp,1704885560982996025,20.5
temp,1704885621160440150,20.5
temp,1704885681479579889,20.5
temp,1704885741892884908,20.5
temp,1704885802058571764,20.5
temp,1704885862179382734,20.9
temp,1704885922515552538,21.2
temp,1704885982846567523,21.5
temp,1704886043230757941,21.7
temp,1704886103442204306,21.8
temp,1704886163891176972,21.9
temp,1704886223948391008,21.9
temp,1704886284321583243,21.9
temp,1704886344781244720,21.9
temp,1704886404996161410,22.1
temp,1704886465215260232,22.0
temp,1704886525341257568,22.0
temp,1704886585801760856,22.1
temp,1704886645977438549,22.2
temp,1704886706314048964,22.2
temp,1704886766479199502,22.1
temp,1704886826895133855,22.0
temp,1704886887041549051,22.0
temp,1704886947402641190,22.1
temp,1704887007751306917,22.2
temp,1704887068096255046,22.2
temp,1704887128260015260,22.1
temp,1704887188604448993,22.1
temp,1704887248809023794,22.4
temp,1704887309195858910,22.5
temp,1704887369512534150,22.4
temp,1704887429531642558,22.4
temp,1704887489909821306,22.5
temp,1704887550357034563,22.5
temp,1704887610596522851,22.5
temp,1704887671750230417,22.5
temp,1704887730923785705,22.5
temp,1704887791383790462,22.5
temp,1704887851702424018,22.6
temp,1704887911950449087,22.8
temp,1704887972235299601,22.7
temp,1704888032457092985,22.7
temp,1704888092681128979,22.7
temp,1704888153059417188,22.7
temp,1704888213220020853,22.7
temp,1704888273488369552,22.7
temp,1704888333798070502,22.7
temp,1704888394318931793,22.6
temp,1704888454433750671,22.6
temp,1704888514803500045,22.7
temp,1704888574896070226,22.6
temp,1704888635404770343,22.7
temp,1704888695632119205,22.8
temp,1704888756001281145,22.9
temp,1704888816379702846,22.9
temp,1704888876394072622,22.8
temp,1704888936842778030,22.8
temp,1704888997150967999,22.9
temp,1704889057374724610,22.9
temp,1704889117539934165,23.0
temp,1704889177795415531,23.1
temp,1704889238219220707,23.2
temp,1704889298401616331,23.2
temp,1704889358727541669,23.2
temp,1704889418808620942,23.1
temp,1704889479516946957,23.1
temp,1704889539370417359,23.0
temp,1704889599946562562,23.2
temp,1704889660196225402,23.2
temp,1704889720413332829,23.2
temp,1704889780734550212,23.2
temp,1704889841041743622,23.2
temp,1704889901118808546,23.2
temp,1704889961515686608,23.1
temp,1704890021913657639,23.2
temp,1704890082098026693,23.2
temp,1704890143223145820,23.2
temp,1704890202521076364,23.2
temp,1704890262776801985,23.2
temp,1704890323036959327,23.2
temp,1704890383608168805,23.2
temp,1704890443626501360,23.2
temp,1704890504217238403,23.2
temp,1704890564187712522,23.2
temp,1704890624455727035,23.2
temp,1704890684966889779,23.3
temp,1704890745128641592,23.3
temp,1704890805511076857,23.3
temp,1704890865720596574,23.3
temp,1704890925925416532,23.3
temp,1704890986350295920,23.4
temp,1704891046499557436,23.4
temp,1704891106703397707,23.4
temp,1704891167144025284,23.5
temp,1704891227339959531,23.5
temp,1704891287696993606,23.5
temp,1704891348074358131,23.5
temp,1704891408380359813,23.5
temp,1704891468665714962,23.6
temp,1704891528706645927,23.6
temp,1704891589127826037,23.7
temp,1704891649265463766,23.6
temp,1704891709743406570,23.6
temp,1704891769819833717,23.7
temp,1704891830321850677,23.7
temp,1704891890400939653,23.8
temp,1704891950855996034,23.7
temp,1704892010975533333,23.6
temp,1704892071282294000,23.8
temp,1704892131702208536,23.8
temp,1704892191808363196,23.7
temp,1704892252158671245,23.6
temp,1704892312515935473,23.6
temp,1704892372923786833,23.6
temp,1704892432908216257,23.6
temp,1704892493243835283,23.6
temp,1704892553458603590,23.6
temp,1704892613911364486,23.6
temp,1704892674165691651,23.6
temp,1704892734540250006,23.6
temp,1704892930496030258,23.6
temp,1704892930511906654,23.6
temp,1704892930519934252,23.7
temp,1705059353171287753,20.2
temp,1705059378454174653,20.0
temp,1705059455225918635,20.3
temp,1705059515378031719,20.2
temp,1705059575852048101,20.1
temp,1705059635805941517,19.9
temp,1705059696106000507,19.7
temp,1705059756434078230,19.6
temp,1705059816834129959,19.5
temp,1705059877186541951,19.5
temp,1705059937336199091,19.5
temp,1705059997497849404,19.5
temp,1705060058088016435,19.5
temp,1705060118152298856,19.5
temp,1705060178657136865,19.5
temp,1705060238938047727,19.5
temp,1705060300033913383,19.5
temp,1705060359445369284,19.5
temp,1705060419696377438,19.5
temp,1705060480139623094,19.5
temp,1705060540190546555,19.6
temp,1705060600565233050,19.7
temp,1705060660899553419,19.6
temp,1705060720936104139,19.5
temp,1705060781233523845,19.5
temp,1705060841610129801,19.5
temp,1705060901766426747,19.5
temp,1705060968511404490,19.5
temp,1705061022323110827,19.5
temp,1705061082836530509,19.5
temp,1705061142986537830,19.5
temp,1705061203366385991,19.5
temp,1705061263462366616,19.5
temp,1705061324066178047,19.5
temp,1705061384051168151,19.4
temp,1705061444488543566,19.4
temp,1705061511061394181,19.4
temp,1705061565083397482,19.4
temp,1705061625251672258,19.4
temp,1705061685467578720,19.4
temp,1705061745919345024,19.4
temp,1705061806228045560,19.4
temp,1705061866515171941,19.5
temp,1705061926530962740,19.7
temp,1705065917268501650,20.0
temp,1705065977331743048,20.1
temp,1705066037612644271,20.3
temp,1705066097949170888,20.5
temp,1705066518400647189,20.2
temp,1705066578688805624,20.1
temp,1705066639143226327,20.2
temp,1705066699272489495,20.1
temp,1705066759493878464,20.0
temp,1705066819750977265,19.9
temp,1705066880104233375,19.8
temp,1705066940533949145,19.8
temp,1705067000603896606,19.8
temp,1705067061133147080,19.7
temp,1705067121217901879,19.7
temp,1705067181499911143,19.6
temp,1705067241830730905,19.5
temp,1705067302198358409,19.5
temp,1705067362436965470,19.5
temp,1705067422566631832,19.5
temp,1705068040242028596,20.0
temp,1705068100384880151,19.7
temp,1705068160783578326,19.8
temp,1705068220951188694,19.9
temp,1705068226677340128,1
temp,1705068281191004600,19.9
temp,1705068313509681296,1
temp,1705068315054431642,3
temp,1705068315933913051,7
temp,1705068341590394018,19.9
temp,1705068414688287900,6
temp,1705068415466342951,10
temp,1705068416103140817,17
temp,1705068462285742784,19.7
temp,1705068522463196674,19.8
temp,1705068582716632864,19.8
temp,1705068643038868196,19.8
temp,1705068703295173537,19.7
temp,1705068763524815356,19.7
temp,1705068823937864107,19.7
temp,1705068884055348754,19.7
temp,1705068944345851366,19.7
temp,1705069004779927965,19.7
temp,1705069065053798903,19.7
temp,1705069125253491778,19.7
temp,1705069185433775165,19.7
temp,1705069245830697369,19.7
temp,1705069306116700623,19.7
temp,1705069366412328940,19.7
temp,1705069426634228859,19.7
temp,1705069486873627530,19.7
temp,1705069547243874841,19.6
temp,1705069607641803497,19.6
temp,1705069667832676699,19.6
temp,1705069728151631855,19.6
temp,1705069788281355939,19.6
temp,1705069848752808436,19.6
temp,1705069908904303247,19.6
temp,1705069969215514862,19.5
temp,1705070029461219327,19.5
temp,1705070089739926647,19.5
temp,1705070150172388355,19.5
temp,1705070210235310290,19.5
temp,1705070270532013401,19.5
temp,1705070330871206166,19.5
temp,1705070391064314445,19.5
temp,1705070451395451486,19.5
temp,1705070511648392050,19.5
temp,1705070571947887690,19.5
temp,1705070632343492522,19.5
temp,1705070692546520213,19.5
temp,1705070752927197703,19.5
temp,1705070813305057886,19.5
temp,1705070873583836739,19.5
temp,1705070933582811064,19.5
temp,1705070993947331779,19.5
temp,1705071054386240204,19.5
temp,1705071114673306253,19.5
temp,1705071174716390238,19.5
temp,1705071235221480114,19.5
temp,1705071295522172201,19.5
temp,1705071355745402061,19.5
temp,1705071416027972298,19.5
temp,1705071476372762566,19.5
temp,1705071536583342809,19.5
temp,1705071596730629883,19.5
temp,1705071657135295154,19.5
temp,1705071717405733980,19.5
temp,1705071777507430847,19.5
temp,1705071837987241476,19.5
temp,1705071898186769192,19.5
temp,1705071958343408728,19.5
temp,1705072018661684046,19.5
temp,1705072078997364223,19.5
temp,1705072139451632822,19.5
temp,1705072199474496611,19.5
temp,1705072259806313043,19.5
temp,1705072320105979606,19.5
temp,1705072380538513252,19.5
temp,1705072440685989505,19.5
temp,1705072501105903473,19.5
temp,1705072561209412411,19.5
temp,1705072621454317389,19.5
temp,1705072681763513317,19.5
temp,1705072742282581401,19.5
temp,1705072802385358739,19.5
temp,1705072862812308318,19.5
temp,1705072922968071585,19.5
temp,1705072983432930171,19.5
temp,1705073043517561988,19.5
temp,1705073103949731745,19.5
temp,1705073164144980129,19.4
temp,1705073224540858647,19.4
temp,1705073284601686318,19.4
temp,1705073345026870871,19.4
temp,1705073405153103974,19.4
temp,1705073465795733243,19.4
temp,1705073525766951953,19.4
temp,1705073586189405913,19.5
temp,1705073646462726655,19.5
temp,1705073706662222449,19.5
temp,1705073766969898673,19.5
temp,1705073827116712194,19.5
temp,1705073887690880841,19.5
temp,1705073947772280247,19.4
temp,1705074008145619536,19.5
temp,1705074068251026158,19.5
temp,1705074128747617974,19.5
temp,1705074249127964558,19.4
temp,1705074309459187046,19.5
temp,1705074369680667813,19.5
temp,1705074430061608037,19.5
temp,1705074490436074644,19.5
temp,1705074550740844750,19.5
temp,1705074611025455670,19.5
temp,1705074671300833160,19.5
temp,1705074731397011223,19.5
temp,1705074791624526931,19.5
temp,1705074851958745626,19.5
temp,1705074912556160164,19.5
temp,1705074972551884504,19.5
temp,1705075032851563713,19.5
temp,1705075093284881429,19.5
temp,1705075153466790872,19.5
temp,1705075213657387369,19.5
temp,1705075274059337686,19.5
temp,1705075334112260750,19.5
temp,1705075394656966405,19.5
temp,1705075454762346663,19.5
temp,1705075515019954061,19.5
temp,1705075575448313908,19.5
temp,1705075635618055964,19.5
temp,1705075695871930089,19.5
temp,1705075756139646664,19.5
temp,1705075816653722265,19.5
temp,1705075876904138401,19.5
temp,1705075937003407559,19.5
temp,1705075997253828389,19.5
temp,1705076057507578746,19.4
temp,1705076117862516912,19.4
temp,1705076178208206284,19.4
temp,1705076238339615046,19.3
temp,1705076298887032649,19.3
temp,1705076359169435945,19.3
temp,1705076419343474443,19.3
temp,1705076479650697077,19.3
temp,1705076539782911632,19.2
temp,1705076600097432215,19.2
temp,1705076660452116865,19.2
temp,1705076720804753818,19.2
temp,1705076780946149126,19.2
temp,1705076841282502760,19.2
temp,1705076901480662580,19.2
temp,1705076961896935380,19.2
temp,1705077022059879489,19.1
temp,1705077082315537576,19.1
temp,1705077142860806427,19.1
temp,1705077203092770973,19.1
temp,1705077263396001811,19.1
temp,1705077323616624442,19.2
temp,1705077383751278792,19.1
temp,1705077444199758987,19.1
temp,1705077504452492537,19.1
temp,1705077564635897012,19.0
temp,1705077624900265214,19.1
temp,1705077685140451870,19.0
temp,1705077745436198144,19.0
temp,1705077805673071973,19.1
temp,1705077866044191560,19.0
temp,1705077926298644108,19.0
temp,1705077986760445757,19.0
temp,1705078046839157045,19.0
temp,1705078107293941298,19.0
temp,1705078167521800778,18.9
temp,1705078227696865794,18.9
temp,1705078288223263041,18.9
temp,1705078348447410929,18.9
temp,1705078408487064301,18.9
temp,1705078469067102760,18.9
temp,1705078529306376784,18.9
temp,1705078589581618363,18.9
temp,1705078650015698302,18.8
temp,1705078709989933379,18.8
temp,1705078770265442697,18.8
temp,1705078830599008594,18.8
temp,1705078890765517526,18.8
temp,1705078951141188563,18.8
temp,1705079011422918799,18.7
temp,1705079071682336257,18.7
temp,1705079131925688248,18.7
temp,1705079192156898659,18.7
temp,1705079252504643372,18.7
temp,1705079313011396996,18.7
temp,1705079373088817196,18.7
temp,1705079433312221331,18.7
temp,1705079493617270874,18.7
temp,1705079554028485735,18.7
temp,1705079614362880240,18.7
temp,1705079674416017328,18.7
temp,1705079734822108344,18.6
temp,1705079795141480298,18.6
temp,1705079855343415011,18.6
temp,1705079915748189691,18.7
temp,1705079975947589319,18.7
temp,1705080036102656685,18.6
temp,1705080096677959163,18.7
temp,1705080156732718933,18.6
temp,1705080216967469391,18.6
temp,1705080277487420403,18.6
temp,1705080337638136475,18.6
temp,1705080398054879979,18.6
temp,1705080458145124081,18.5
temp,1705080518466800148,18.5
temp,1705080578793682829,18.5
temp,1705080639163003106,18.5
temp,1705080699192696683,18.5
temp,1705080759748235877,18.5
temp,1705080819916314246,18.5
temp,1705080880105661764,18.5
temp,1705080940462619750,18.5
temp,1705081000628972832,18.5
temp,1705081061035994796,18.5
temp,1705081121211203481,18.6
temp,1705081181662979181,18.5
temp,1705081241759497098,18.5
temp,1705081302039738690,18.5
temp,1705081362443378315,18.5
temp,1705081422694267682,18.5
temp,1705081482991238731,18.5
temp,1705081543394620456,18.5
temp,1705081603699003530,18.5
temp,1705081663946486882,18.6
temp,1705081724200303136,18.6
temp,1705081784359143296,18.5
temp,1705081844658179829,18.5
temp,1705081905003914849,18.5
temp,1705081965382379683,18.5
temp,1705082025433589705,18.5
temp,1705082085766236131,18.5
temp,1705082146061215302,18.5
temp,1705082206340467904,18.5
temp,1705082266513586277,18.5
temp,1705082326841601978,18.5
temp,1705082387197205698,18.5
temp,1705082447570033634,18.5
temp,1705082507924359342,18.5
temp,1705082567952000960,18.5
temp,1705082628451720143,18.5
temp,1705082688604568731,18.4
temp,1705082748931950530,18.4
temp,1705082809205910043,18.4
temp,1705082869589792248,18.5
temp,1705082929893044138,18.5
temp,1705082990044490455,18.5
temp,1705083050446591456,18.5
temp,1705083110642384664,18.4
temp,1705083170999764008,18.4
temp,1705083231322405178,18.4
temp,1705083291303583742,18.4
temp,1705083351853047985,18.4
temp,1705083412076315518,18.4
temp,1705083472458754696,18.4
temp,1705083532629401982,18.3
temp,1705083592837116234,18.3
temp,1705083653082494201,18.3
temp,1705083713510019534,18.2
temp,1705083773643000631,18.2
temp,1705083833889438442,18.2
temp,1705083894420579103,18.2
temp,1705083954517739203,18.2
temp,1705084014771630313,18.2
temp,1705084075078568668,18.2
temp,1705084135382615113,18.2
temp,1705084195599209827,18.2
temp,1705084256119461798,18.2
temp,1705084316111859548,18.2
temp,1705084376429621018,18.3
temp,1705084436765145067,18.3
temp,1705084497169836034,18.3
temp,1705084557311826669,18.3
temp,1705084617638646172,18.3
temp,1705084677812863085,18.2
temp,1705084738064455035,18.2
temp,1705084798542988731,18.3
temp,1705084858717262966,18.2
temp,1705084919195086653,18.2
temp,1705084979220692590,18.2
temp,1705085039499987503,18.2
temp,1705085099898195101,18.1
temp,1705085160106717563,18.1
temp,1705085220405582885,18.1
temp,1705085280735217866,18.1
temp,1705085341158642778,18.1
temp,1705085401187601138,18.1
temp,1705085461715533155,18.1
temp,1705085522037237787,18.1
temp,1705085582194175548,18.1
temp,1705085642368968298,18.1
temp,1705085702869561871,18.1
temp,1705085763073222667,18.1
temp,1705085823371512194,18.1
temp,1705085883729622700,18.1
temp,1705085943897168574,18.1
temp,1705086004106189616,18.1
temp,1705086064308131476,18.1
temp,1705086124630757991,18.1
temp,1705086184906320479,18.1
temp,1705086245119684576,18.1
temp,1705086305721420382,18.1
temp,1705086365964366001,18.1
temp,1705086426015308131,18.1
temp,1705086486419370318,18.1
temp,1705086546523625620,18.1
temp,1705086607054845314,18.1
temp,1705086667351180496,18.1
temp,1705086727551693890,18.1
temp,1705086787915106174,18.1
temp,1705086848075584845,18.1
temp,1705086908475688995,18.0
temp,1705086968485863155,18.0
temp,1705087028788801451,18.0
temp,1705087089119343864,18.0
temp,1705087149584907197,18.0
temp,1705087209754888379,18.1
temp,1705087270014136302,18.1
temp,1705087330241039595,18.1
temp,1705087390580577217,18.1
temp,1705087450822951300,18.0
temp,1705087511151762638,18.0
temp,1705087571574575329,18.0
temp,1705087631652455906,18.0
temp,1705087692082892592,18.0
temp,1705087752312301700,18.0
temp,1705087812608366274,18.0
temp,1705087872840489525,18.0
temp,1705087933036047070,18.0
temp,1705087993372410248,18.0
temp,1705088053813877177,18.0
temp,1705088113914502239,18.0
temp,1705088174118117869,18.0
temp,1705088234516532854,18.0
temp,1705088294750478147,18.0
temp,1705088354996735887,18.0
temp,1705088415350867036,18.0
temp,1705088475652040566,18.0
temp,1705088535880894359,18.0
temp,1705088596157151846,18.0
temp,1705088656457772772,18.0
temp,1705088716845377746,18.0
temp,1705088776961324020,18.0
temp,1705088837493287717,18.0
temp,1705088897674804965,18.0
temp,1705088958050757954,18.0
temp,1705089018079826501,18.0
temp,1705089078397850083,18.0
temp,1705089138675480116,18.0
temp,1705089199026978808,18.0
temp,1705089259456055991,18.0
temp,1705089319554659752,18.0
temp,1705089380033716126,18.0
temp,1705089440303864057,18.0
temp,1705089500385949206,18.0
temp,1705089560735958526,18.0
temp,1705089620888672990,18.0
temp,1705089681217762249,18.0
temp,1705089741726357131,18.0
temp,1705089801968180914,18.0
temp,1705089862146730422,18.0
temp,1705089922443340262,18.0
temp,1705089982657643177,18.0
temp,1705090042901975253,18.0
temp,1705090103207785541,18.0
temp,1705090163478777928,18.0
temp,1705090223949636576,18.0
temp,1705090284129532916,18.0
temp,1705090344431960182,18.0
temp,1705090404686548719,18.0
temp,1705090465032819706,18.0
temp,1705090525166373419,18.0
temp,1705090585660678294,18.0
temp,1705090645738733851,18.0
temp,1705090705942557560,18.0
temp,1705090766341694890,18.0
temp,1705090826571002723,18.0
temp,1705090887102307695,18.0
temp,1705090947198720194,18.0
temp,1705091007423792946,18.0
temp,1705091067880961380,18.0
temp,1705091127956356481,18.0
temp,1705091188431917476,18.0
temp,1705091248578350727,18.0
temp,1705091308872300565,18.0
temp,1705091369183003017,18.0
temp,1705091429516630171,18.0
temp,1705091489752976825,18.0
temp,1705091550151847760,18.0
temp,1705091610259671489,18.0
temp,1705091670723339198,18.0
temp,1705091730973318414,18.0
temp,1705091791184374645,18.0
temp,1705091851500816692,18.0
temp,1705091911711698819,18.0
temp,1705091972059080739,18.0
temp,1705092032234170067,18.0
temp,1705092092712264552,17.9
temp,1705092152721886589,18.0
temp,1705092213039103813,18.0
temp,1705092273363108451,18.0
temp,1705092333593062862,18.0
temp,1705092393874929346,18.0
temp,1705092454274793442,18.0
temp,1705092514647021958,18.0
temp,1705092574951485775,18.0
temp,1705092635176475998,18.0
temp,1705092695529564043,18.0
temp,1705092755717465207,18.0
temp,1705092816091943271,18.0
temp,1705092876392159715,17.9
temp,1705092936412226826,18.0
temp,1705092996710469802,17.9
temp,1705093057038019193,18.0
temp,1705093117223104930,18.0
temp,1705093177788916019,18.0
temp,1705093237896986433,17.9
temp,1705093298345310066,17.9
temp,1705093358395181056,17.9
temp,1705093418825317289,18.0
temp,1705093479124280076,17.9
temp,1705093539299466043,17.9
temp,1705093599562358112,17.9
temp,1705093659907324675,18.0
temp,1705093720284627527,17.9
temp,1705093780593085146,18.0
temp,1705093840637884513,18.0
temp,1705093901114848446,18.0
temp,1705093961438298758,17.9
temp,1705094021687739871,17.9
temp,1705094081796845741,17.9
temp,1705094142269995607,17.9
temp,1705094202346112257,17.8
temp,1705094262747401607,17.8
temp,1705094323079532419,17.9
temp,1705094383330341841,17.9
temp,1705094443528168816,17.9
temp,1705094503831811010,17.9
temp,1705094564083228274,17.9
temp,1705094624294555862,17.8
temp,1705094684708652299,17.9
temp,1705094745108461819,17.8
temp,1705094805112369189,17.9
temp,1705094865638008376,17.8
temp,1705094925848570314,17.8
temp,1705094986067447440,17.9
temp,1705095046275678125,17.9
temp,1705095106801215099,17.9
temp,1705095167025849217,17.9
temp,1705095227152636680,17.9
temp,1705095287429326664,17.8
temp,1705095347778759921,17.8
temp,1705095408130964897,17.8
temp,1705095468459598618,17.8
temp,1705095528563811303,17.8
temp,1705095588761060899,17.8
temp,1705095649159019931,17.9
temp,1705095709487413822,17.8
temp,1705095769647956478,17.8
temp,1705095830042525766,17.8
temp,1705095890443453716,17.8
temp,1705095950571027121,17.8
temp,1705096011001403022,17.8
temp,1705096071106138475,17.9
temp,1705096131477577509,17.8
temp,1705096191709013669,17.8
temp,1705096252041478248,17.8
temp,1705096312182883081,17.8
temp,1705096372462830573,17.8
temp,1705096432760304272,17.8
temp,1705096493113837765,17.8
temp,1705096553317891414,17.8
temp,1705096613789974105,17.8
temp,1705096673849411357,17.8
temp,1705096734321976787,17.8
temp,1705096794525034318,17.8
temp,1705096854903301190,17.8
temp,1705096915118696860,17.8
temp,1705096975300286961,17.8
temp,1705097035677751831,17.8
temp,1705097095937148860,17.8
temp,1705097156260598914,17.8
temp,1705097216464588005,17.8
temp,1705097276736914860,17.8
temp,1705097337145609799,17.8
temp,1705097397495144663,17.8
temp,1705097457565296503,17.8
temp,1705097517841965656,17.8
temp,1705097578349335258,17.8
temp,1705097638416771885,17.8
temp,1705097698750228883,17.8
temp,1705097759204894321,17.8
temp,1705097819327429321,17.8
temp,1705097879561372491,17.8
temp,1705097939932716427,17.8
temp,1705098000155683264,17.8
temp,1705098060438571537,17.8
temp,1705098120782210617,17.8
temp,1705098181093674115,17.8
temp,1705098241291724864,17.8
temp,1705098301765660524,17.8
temp,1705098361897688938,17.8
temp,1705098422119733025,17.8
temp,1705098482349729112,17.8
temp,1705098542849644909,17.8
temp,1705098602981884937,17.8
temp,1705098663256732484,17.8
temp,1705098723708356791,17.8
temp,1705098783957248920,17.8
temp,1705098844260073810,17.8
temp,1705098904307662232,17.8
temp,1705098964738825134,17.8
temp,1705099025074913799,17.8
temp,1705099085367731145,17.8
temp,1705099145435455248,17.7
temp,1705099205748818596,17.7
temp,1705099266051282668,17.7
temp,1705099326447148561,17.7
temp,1705099386679921681,17.7
temp,1705099446900657700,17.8
temp,1705099507084483506,17.8
temp,1705099567420841467,17.8
temp,1705099627837190904,17.8
temp,1705099687957451193,17.8
temp,1705099748392688202,17.8
temp,1705099808765135874,17.8
temp,1705099869102777115,17.8
temp,1705099929281898974,17.8
temp,1705099989345901010,17.8
temp,1705100049871260302,17.8
temp,1705100110118297286,17.8
temp,1705100170249397434,17.8
temp,1705100230502426930,17.8
temp,1705100291033796472,17.8
temp,1705100351105121846,17.7
temp,1705100411353335016,17.7
temp,1705100471782137801,17.7
temp,1705100531981185291,17.7
temp,1705100592335389193,17.7
temp,1705100652465896825,17.7
temp,1705100712744750949,17.7
temp,1705100773087327543,17.8
temp,1705100833546902127,17.7
temp,1705100893693789544,17.7
temp,1705100954048041598,17.7
temp,1705101014149206513,17.7
temp,1705101074608943278,17.7
temp,1705101134977190066,17.7
temp,1705101194977251336,17.7
temp,1705101255461130917,17.7
temp,1705101315808354597,17.7
temp,1705101375984864273,17.7
temp,1705101436272561589,17.7
temp,1705101496516001310,17.7
temp,1705101556915270686,17.7
temp,1705101617256910488,17.7
temp,1705101677291166772,17.7
temp,1705101737685324107,17.7
temp,1705101797798255268,17.7
temp,1705101858122272333,17.7
temp,1705101918509661829,17.7
temp,1705101978627918419,17.6
temp,1705102039126926021,17.6
temp,1705102099414951269,17.7
temp,1705102159584715553,17.7
temp,1705102219831610519,17.7
temp,1705102280312759590,17.6
temp,1705102340605693053,17.6
temp,1705102400788681301,17.7
temp,1705102461048097948,17.7
temp,1705102521340640024,17.6
temp,1705102581747373302,17.6
temp,1705102642045050644,17.6
temp,1705102702227585381,17.6
temp,1705102762497783683,17.7
temp,1705102822580100922,17.6
temp,1705102883154892435,17.6
temp,1705102943383839471,17.6
temp,1705103003545323127,17.6
temp,1705103063992864712,17.6
temp,1705103124136813035,17.6
temp,1705103184299227937,17.6
temp,1705103244559535223,17.6
temp,1705103305116853900,17.6
temp,1705103365268905069,17.6
temp,1705103425498885512,17.6
temp,1705103485798040044,17.6
temp,1705103545964303686,17.6
temp,1705103606429497419,17.6
temp,1705103666780044231,17.6
temp,1705103726829376005,17.6
temp,1705103787154150928,17.6
temp,1705103847657183405,17.6
temp,1705103907812966364,17.6
temp,1705103968037920112,17.7
temp,1705104028492032202,17.6
temp,1705104088563849477,17.6
temp,1705104148914655692,17.6
temp,1705104209217752760,17.6
temp,1705104269628004651,17.7
temp,1705104329646473539,17.7
temp,1705104390382109040,17.7
temp,1705104450416909323,17.7
temp,1705104510728387379,17.6
temp,1705104570876195586,17.6
temp,1705104631033667472,17.6
temp,1705104691410272027,17.6
temp,1705104751642306428,17.6
temp,1705104812075162758,17.6
temp,1705104872303664013,17.6
temp,1705104932589456837,17.6
temp,1705104992816190698,17.6
temp,1705105053168448777,17.6
temp,1705105113521277617,17.6
temp,1705105173843624674,17.6
temp,1705105233999653856,17.6
temp,1705105294203496915,17.6
temp,1705105354553803180,17.6
temp,1705105414935931170,17.6
temp,1705105475006854768,17.6
temp,1705105535383076714,17.6
temp,1705105595658098294,17.6
temp,1705105656065641648,17.6
temp,1705105716258390551,17.6
temp,1705105776456095250,17.6
temp,1705105836734375652,17.6
temp,1705105897243718508,17.6
temp,1705105957405875725,17.6
temp,1705106017749850742,17.6
temp,1705106077870116949,17.5
temp,1705106138200822240,17.5
temp,1705106198355781216,17.6
temp,1705106258752772738,17.6
temp,1705106319008804685,17.6
temp,1705106379409055548,17.6
temp,1705106439738048408,17.6
temp,1705106500086339514,17.6
temp,1705106560264484063,17.6
temp,1705106620570091862,17.5
temp,1705106680788453651,17.5
temp,1705106741015792548,17.5
temp,1705106801325487885,17.5
temp,1705106861599730061,17.6
temp,1705106921940759459,17.5
temp,1705106982153351367,17.5
temp,1705107042581598561,17.6
temp,1705107102825680170,17.6
temp,1705107162985503208,17.5
temp,1705107223386673947,17.5
temp,1705107283695360781,17.5
temp,1705107343764211766,17.5
temp,1705107404091048964,17.5
temp,1705107464544799004,17.5
temp,1705107524618844330,17.5
temp,1705107585070223720,17.5
temp,1705107645274787015,17.6
temp,1705107705718955407,17.5
temp,1705107765953894263,17.5
temp,1705107826228214929,17.5
temp,1705107886353439201,17.5
temp,1705107946529958614,17.5
temp,1705108007083005456,17.5
temp,1705108067229142591,17.5
temp,1705108127611048666,17.5
temp,1705108187889888280,17.5
temp,1705108248196094907,17.5
temp,1705108308343957782,17.5
temp,1705108368564234254,17.5
temp,1705108429072545426,17.5
temp,1705108489320106128,17.5
temp,1705108549648448964,17.5
temp,1705108609773401203,17.5
temp,1705108669999361165,17.5
temp,1705108730373919468,17.5
temp,1705108790595269856,17.5
temp,1705108850907204372,17.5
temp,1705108911285240880,17.5
temp,1705108971585113158,17.5
temp,1705109031717103900,17.5
temp,1705109092193281665,17.5
temp,1705109152369936695,17.5
temp,1705109212639625632,17.5
temp,1705109272797525545,17.5
temp,1705109333049280306,17.5
temp,1705109393356362896,17.5
temp,1705109453575289633,17.5
temp,1705109513898941275,17.5
temp,1705109574200982620,17.5
temp,1705109634541505219,17.5
temp,1705109694762818650,17.5
temp,1705109755136984201,17.5
temp,1705109815360434892,17.5
temp,1705109875691610201,17.5
temp,1705109935960846154,17.5
temp,1705109996274067052,17.5
temp,1705110056616904815,17.5
temp,1705110116944068678,17.5
temp,1705110176946222683,17.5
temp,1705110237375479664,17.5
temp,1705110297749370457,17.5
temp,1705110358073383575,17.5
temp,1705110418294584026,17.5
temp,1705110478628710834,17.5
temp,1705110538665955659,17.5
temp,1705110598982367004,17.5
temp,1705110659284637036,17.5
temp,1705110719708870128,17.5
temp,1705110779866212171,17.5
temp,1705110840212760868,17.5
temp,1705110900471667852,17.5
temp,1705110960863638475,17.5
temp,1705111020970672816,17.5
temp,1705111081253570739,17.5
temp,1705111141499769636,17.5
temp,1705111201953895157,17.5
temp,1705111262178996008,17.5
temp,1705111322323870859,17.5
temp,1705111382630952920,17.5
temp,1705111442858301113,17.5
temp,1705111503243731447,17.5
temp,1705111563568013432,17.5
temp,1705111623763022287,17.5
temp,1705111684264399620,17.5
temp,1705111744416094670,17.5
temp,1705111804574111805,17.5
temp,1705111864945979415,17.5
temp,1705111925212500308,17.5
temp,1705111985624822832,17.5
temp,1705112045855478916,17.5
temp,1705112106151969665,17.5
temp,1705112166478492821,17.5
temp,1705112226827439673,17.5
temp,1705112286987529926,17.5
temp,1705112347095830122,17.5
temp,1705112407617592602,17.5
temp,1705112467912584816,17.5
temp,1705112527959563714,17.5
temp,1705112588447253225,17.5
temp,1705112648495980056,17.5
temp,1705112708948461996,17.5
temp,1705112769126776610,17.5
temp,1705112829589828403,17.5
temp,1705112889874950625,17.5
temp,1705112950174935687,17.5
temp,1705113010250693441,17.5
temp,1705113070584618572,17.5
temp,1705113131059828202,17.5
temp,1705113191160611503,17.4
temp,1705113251337390466,17.4
temp,1705113311786319810,17.4
temp,1705113371870833799,17.5
temp,1705113432264354977,17.5
temp,1705113492570889495,17.5
temp,1705113552870443209,17.5
temp,1705113613109847376,17.5
temp,1705113673381379036,17.5
temp,1705113733706702959,17.5
temp,1705113794002554365,17.4
temp,1705113854277587780,17.4
temp,1705113914660387149,17.4
temp,1705113974759878645,17.4
temp,1705114035086546087,17.4
temp,1705114095414350936,17.4
temp,1705114155816326961,17.4
temp,1705114216041922804,17.5
temp,1705114276316793247,17.5
temp,1705114336498454926,17.4
temp,1705114396786306583,17.4
temp,1705114456943594244,17.4
temp,1705114517246881957,17.4
temp,1705114577702566412,17.4
temp,1705114637945420399,17.4
temp,1705114698402864688,17.4
temp,1705114758581576417,17.4
temp,1705114818780784071,17.4
temp,1705114879186640876,17.4
temp,1705114939465704736,17.4
temp,1705114999765449484,17.4
temp,1705115059815170579,17.4
temp,1705115120265602466,17.4
temp,1705115180619015615,17.4
temp,1705115240731133552,17.4
temp,1705115301056913907,17.4
temp,1705115361305275306,17.4
temp,1705115421700191771,17.4
temp,1705115482034498218,17.4
temp,1705115542266204145,17.4
temp,1705115602510574340,17.4
temp,1705115662628403852,17.4
temp,1705115722909661512,17.4
temp,1705115783141175696,17.4
temp,1705115843687159699,17.4
temp,1705115903993832809,17.4
temp,1705115964077219023,17.4
temp,1705116024289811344,17.4
temp,1705116084698915420,17.4
temp,1705116145073111352,17.4
temp,1705116205370833198,17.4
temp,1705116265602490064,17.4
temp,1705116325774796899,17.4
temp,1705116386050082855,17.4
temp,1705116446307647646,17.4
temp,1705116506655747405,17.4
temp,1705116566816578280,17.4
temp,1705116627085355351,17.4
temp,1705116687589538556,17.4
temp,1705116747839290793,17.4
temp,1705116808168608475,17.4
temp,1705116868292066094,17.4
temp,1705116928571751520,17.4
temp,1705116988897141104,17.4
temp,1705117049254741514,17.4
temp,1705117109459887864,17.4
temp,1705117169909389855,17.4
temp,1705117229975818822,17.4
temp,1705117290338327914,17.4
temp,1705117350643116354,17.4
temp,1705117410992313274,17.4
temp,1705117471232471817,17.4
temp,1705117531539957140,17.4
temp,1705117591846070238,17.4
temp,1705117652065210091,17.4
temp,1705117712296335803,17.4
temp,1705117772492280809,17.4
temp,1705117832722354634,17.4
temp,1705117893097371991,17.4
temp,1705117953448667172,17.4
temp,1705118013765461233,17.4
temp,1705118074128502319,17.4
temp,1705118134356055283,17.4
temp,1705118194680156157,17.4
temp,1705118254857259248,17.4
temp,1705118315235680087,17.4
temp,1705118375540444617,17.4
temp,1705118435617367488,17.4
temp,1705118496067229490,17.4
temp,1705118556367350059,17.4
temp,1705118616576185943,17.4
temp,1705118676699887626,17.4
temp,1705118737165559085,17.4
temp,1705118797508183746,17.4
temp,1705118857729935573,17.4
temp,1705118918004880038,17.4
temp,1705118978385147042,17.4
temp,1705119038552078764,17.3
temp,1705119098638185152,17.3
temp,1705119159004510459,17.3
temp,1705119219314586395,17.3
temp,1705119279692856420,17.3
temp,1705119339784511672,17.3
temp,1705119400228803935,17.3
temp,1705119460655992686,17.3
temp,1705119520689298943,17.4
temp,1705119580926570215,17.4
temp,1705119641184227247,17.3
temp,1705119701678786575,17.4
temp,1705119761907413914,17.4
temp,1705119822185317619,17.4
temp,1705119882591333196,17.4
temp,1705119942858569504,17.4
temp,1705120003131551288,17.4
temp,1705120063439102571,17.4
temp,1705120123717795044,17.4
temp,1705120183866592335,17.4
temp,1705120244031730811,17.4
temp,1705120304547678955,17.4
temp,1705120364647464258,17.4
temp,1705120424951014568,17.3
temp,1705120485348601251,17.3
temp,1705120545674116866,17.4
temp,1705120606033052918,17.4
temp,1705120666252176637,17.4
temp,1705120726338271165,17.3
temp,1705120786637592758,17.3
temp,1705120846964247030,17.3
temp,1705120907216499735,17.3
temp,1705120967560260899,17.3
temp,1705121027764963158,17.3
temp,1705121088192944622,17.3
temp,1705121148339683778,17.3
temp,1705121208816283034,17.3
temp,1705121268870027846,17.3
temp,1705121329153831573,17.3
temp,1705121389506613614,17.3
temp,1705121449872546822,17.3
temp,1705121509934492770,17.3
temp,1705121570202193128,17.3
temp,1705121630663910286,17.3
temp,1705121690767595298,17.3
temp,1705121751163785235,17.3
temp,1705121811563072304,17.3
temp,1705121871690316967,17.3
temp,1705121931969450984,17.3
temp,1705121992350710087,17.3
temp,1705122052501041855,17.3
temp,1705122112927752313,17.3
temp,1705122173245866404,17.3
temp,1705122233576685417,17.3
temp,1705122293653766603,17.3
temp,1705122354051821489,17.3
temp,1705122414283569168,17.3
temp,1705122474609903700,17.3
temp,1705122534832636169,17.3
temp,1705122595045348105,17.3
temp,1705122655325500467,17.3
temp,1705122715814295177,17.3
temp,1705122776102186007,17.3
temp,1705122836267846993,17.3
temp,1705122896471251480,17.3
temp,1705122956799049291,17.2
temp,1705123017146089809,17.3
temp,1705123077425739968,17.2
temp,1705123137578118922,17.2
temp,1705123197827172397,17.3
temp,1705123258180854173,17.3
temp,1705123318531691801,17.3
temp,1705123378781683121,17.3
temp,1705123438935142243,17.2
temp,1705123499291275482,17.2
temp,1705123559744545009,17.2
temp,1705123619986796188,17.2
temp,1705123680294150711,17.3
temp,1705123740547892515,17.3
temp,1705123800902052722,17.3
temp,1705123860997848889,17.3
temp,1705123921206326535,17.2
temp,1705123981536343988,17.3
temp,1705124042000651830,17.3
temp,1705124102212171944,17.2
temp,1705124162358673391,17.2
temp,1705124222632527509,17.2
temp,1705124283044638826,17.2
temp,1705124343189153968,17.2
temp,1705124403543398915,17.2
temp,1705124463966103750,17.2
temp,1705124524051755788,17.2
temp,1705124584494941119,17.2
temp,1705124644822384021,17.2
temp,1705124704898740580,17.2
temp,1705124765383178225,17.2
temp,1705124825653392842,17.2
temp,1705124885981846482,17.2
temp,1705124946103744618,17.2
temp,1705125006356389209,17.2
temp,1705125066694480950,17.2
temp,1705125126985821659,17.2
temp,1705125187241816713,17.2
temp,1705125247562105967,17.2
temp,1705125307965396652,17.2
temp,1705125368095859020,17.2
temp,1705125428374107514,17.2
temp,1705125488591555387,17.2
temp,1705125549026611573,17.2
temp,1705125609245301385,17.2
temp,1705125669378588807,17.2
temp,1705125729828953205,17.2
temp,1705125789989211454,17.2
temp,1705125850455815677,17.2
temp,1705125910668940799,17.2
temp,1705125970864901992,17.2
temp,1705126031085507375,17.2
temp,1705126091359292453,17.2
temp,1705126151647993699,17.2
temp,1705126212148303256,17.2
temp,1705126272323918241,17.2
temp,1705126332552813868,17.2
temp,1705126392897813953,17.2
temp,1705126453306012528,17.2
temp,1705126513537154644,17.2
temp,1705126573856328954,17.2
temp,1705126634106546492,17.2
temp,1705126694288309729,17.2
temp,1705126754661957608,17.2
temp,1705126814987944586,17.2
temp,1705126875045325694,17.2
temp,1705126935392715986,17.2
temp,1705126995767617211,17.2
temp,1705127055941055469,17.2
temp,1705127116195594661,17.2
temp,1705127176671059787,17.2
temp,1705127236847326269,17.2
temp,1705127297025948902,17.2
temp,1705127357508772538,17.2
temp,1705127417717842931,17.2
temp,1705127478035636398,17.2
temp,1705127538257659736,17.2
temp,1705127598660280522,17.2
temp,1705127658913900956,17.2
temp,1705127719073772472,17.2
temp,1705127779441573580,17.2
temp,1705127839619727918,17.2
temp,1705127900022728458,17.2
temp,1705127960330151262,17.2
temp,1705128020470594980,17.2
temp,1705128080751435039,17.2
temp,1705128141109657974,17.2
temp,1705128201351589384,17.2
temp,1705128261631143315,17.2
temp,1705128321935149083,17.2
temp,1705128382085545098,17.2
temp,1705128442513451756,17.2
temp,1705128502762491420,17.2
temp,1705128562991898432,17.2
temp,1705128623480340302,17.2
temp,1705128683669600128,17.2
temp,1705128743800244661,17.2
temp,1705128804194721650,17.2
temp,1705128864397649308,17.2
temp,1705128924727808900,17.2
temp,1705128985026986052,17.2
temp,1705129045233373629,17.2
temp,1705129105592065115,17.2
temp,1705129165912815979,17.2
temp,1705129226238305609,17.2
temp,1705129286482602539,17.2
temp,1705129346785313509,17.2
temp,1705129407117870376,17.2
temp,1705129467138561356,17.2
temp,1705129527441760685,17.2
temp,1705129587945196276,17.2
temp,1705129648096196825,17.2
temp,1705129708352964362,17.2
temp,1705129768530953149,17.2
temp,1705129829149923350,17.2
temp,1705129889361479148,17.2
temp,1705129949500547142,17.2
temp,1705130009787725882,17.2
temp,1705130070057373773,17.2
temp,1705130130287517089,17.2
temp,1705130190802036547,17.2
temp,1705130250956002511,17.2
temp,1705130311240527187,17.2
temp,1705130371676386718,17.2
temp,1705130431741707932,17.2
temp,1705130491998756324,17.2
temp,1705130552549148621,17.2
temp,1705130612598827362,17.2
temp,1705130672977242774,17.2
temp,1705130733066351063,17.2
temp,1705130793481410535,17.2
temp,1705130853660641654,17.2
temp,1705130914134309102,17.2
temp,1705130974176494365,17.2
temp,1705131034623596916,17.2
temp,1705131094919168262,17.2
temp,1705131155189352001,17.2
temp,1705131215469401503,17.2
temp,1705131275590931760,17.2
temp,1705131335945084890,17.2
temp,1705131396375725309,17.2
temp,1705131456645503741,17.2
temp,1705131516827293019,17.2
temp,1705131577231095943,17.2
temp,1705131637434406265,17.2
temp,1705131697709673236,17.2
temp,1705131758088410692,17.2
temp,1705131818188623529,17.2
temp,1705131878698839224,17.2
temp,1705131938893907648,17.2
temp,1705131999002526485,17.2
temp,1705132059242755510,17.2
temp,1705132119617294581,17.2
temp,1705132179919993326,17.2
temp,1705132240234555193,17.2
temp,1705132300447028303,17.2
temp,1705132360932781364,17.2
temp,1705132421152665980,17.2
temp,1705132481330530701,17.2
temp,1705132541557587183,17.2
temp,1705132601866049951,17.2
temp,1705132662206931380,17.2
temp,1705132722427553448,17.2
temp,1705132782693840693,17.2
temp,1705132843092481063,17.2
temp,1705132903298320070,17.2
temp,1705132963642610698,17.2
temp,1705133023925151038,17.2
temp,1705133084200381365,17.2
temp,1705133144455772381,17.2
temp,1705133204803840276,17.2
temp,1705133265030342596,17.2
temp,1705133325408637074,17.2
temp,1705133385728870389,17.2
temp,1705133445914932810,17.2
temp,1705133506161093801,17.2
temp,1705133566513806594,17.2
temp,1705133626769712401,17.2
temp,1705133687094331615,17.2
temp,1705133747291004948,17.2
temp,1705133807526578096,17.2
temp,1705133867821026009,17.1
temp,1705133928199696919,17.2
temp,1705133988403817571,17.2
temp,1705134048549088688,17.2
temp,1705134108957095705,17.2
temp,1705134169306440069,17.2
temp,1705134229580878446,17.2
temp,1705134289985457629,17.2
temp,1705134350184646539,17.2
temp,1705134410382536793,17.2
temp,1705134470536422696,17.2
temp,1705134531045728170,17.2
temp,1705134591118517902,17.2
temp,1705134651368805928,17.2
temp,1705134711853406396,17.2
temp,1705134772094500536,17.2
temp,1705134832276281485,17.2
temp,1705134892661301093,17.2
temp,1705134952853597334,17.2
temp,1705135013156244904,17.2
temp,1705135073529908502,17.2
temp,1705135133758837713,17.2
temp,1705135194224887725,17.2
temp,1705135254211370485,17.2
temp,1705135314641761357,17.2
temp,1705135374815271791,17.2
temp,1705135435217814483,17.2
temp,1705135495343014810,17.2
temp,1705135555591449768,17.2
temp,1705135616100073187,17.2
temp,1705135676431135271,17.2
temp,1705135736439336168,17.2
temp,1705135796925170027,17.2
temp,1705135857126865349,17.2
temp,1705135917485812880,17.2
temp,1705135977797853465,17.2
temp,1705136038085891813,17.2
temp,1705136098277090610,17.2
temp,1705136158413487498,17.2
temp,1705136218715015208,17.2
temp,1705136279018300343,17.2
temp,1705136339318174372,17.2
temp,1705136399844722747,17.2
temp,1705136459915862427,17.2
temp,1705136520323885132,17.2
temp,1705136580548599661,17.2
temp,1705136640784262522,17.2
temp,1705136701052792493,17.2
temp,1705136761244440294,17.2
temp,1705136821704318594,17.2
temp,1705136881907471476,17.2
temp,1705136942085339954,17.2
temp,1705137002408243835,17.2
temp,1705137062764475791,17.2
temp,1705137123140686195,17.2
temp,1705137183318388680,17.2
temp,1705137243475365565,17.2
temp,1705137303793862249,17.2
temp,1705137364322461001,17.2
temp,1705137424565615161,17.2
temp,1705137484806823625,17.2
temp,1705137545130947195,17.2
temp,1705137605407730185,17.2
temp,1705137665654772150,17.2
temp,1705137725938396336,17.2
temp,1705137786088696510,17.2
temp,1705137846536416689,17.2
temp,1705137906591314563,17.2
temp,1705137966912787454,17.2
temp,1705138027321349591,17.2
temp,1705138087628464384,17.2
temp,1705138147823465205,17.2
temp,1705138208320933438,17.2
temp,1705138268396762062,17.2
temp,1705138328576078079,17.2
temp,1705138389081260728,17.2
temp,1705138449229301122,17.2
temp,1705138509569961446,17.2
temp,1705138569880217992,17.2
temp,1705138630039891841,17.2
temp,1705138690360109964,17.2
temp,1705138750661550477,17.2
temp,1705138811089208099,17.2
temp,1705138871240714629,17.2
temp,1705138931500651113,17.2
temp,1705138991855174662,17.2
temp,1705139052000597585,17.2
temp,1705139112524638244,17.2
temp,1705139172683702988,17.2
temp,1705139232782980675,17.2
temp,1705139293278218836,17.2
temp,1705139353405460184,17.2
temp,1705139413906633654,17.2
temp,1705139474062262214,17.2
temp,1705139534462834632,17.2
temp,1705139594563884813,17.2
temp,1705139654893321613,17.2
temp,1705139715076464390,17.2
temp,1705139775473520839,17.2
temp,1705139835861360140,17.2
temp,1705139896200349386,17.2
temp,1705139956423632184,17.2
temp,1705140016475714394,17.2
temp,1705140076789016901,17.2
temp,1705140137281419918,17.2
temp,1705140197480413613,17.2
temp,1705140257758139673,17.2
temp,1705140317926818176,17.3
temp,1705140378367463096,17.3
temp,1705140438687243260,17.3
temp,1705140498864046777,17.3
temp,1705140559168912329,17.3
temp,1705140619418257874,17.3
temp,1705140679592452406,17.4
temp,1705140739926318858,17.3
temp,1705140800224176401,17.3
temp,1705140860400185414,17.3
temp,1705140920702521227,17.3
temp,1705140981184579919,17.3
temp,1705141041405084666,17.2
temp,1705141101732846481,17.3
temp,1705141161942457976,17.2
temp,1705141222326903235,17.2
temp,1705141282637495038,17.2
temp,1705141342738335251,17.2
temp,1705141403075578286,17.2
temp,1705141463368766904,17.2
temp,1705141523597602888,17.2
temp,1705141583800343792,17.2
temp,1705141644346206485,17.2
temp,1705141704573729432,17.2
temp,1705141764786216181,17.2
temp,1705141825003637067,17.2
temp,1705141885211683070,17.2
temp,1705141945668502624,17.2
temp,1705142006011681353,17.2
temp,1705142066014597499,17.2
temp,1705142126487583309,17.2
temp,1705142186679531715,17.2
temp,1705142246964694732,17.2
temp,1705142307172562152,17.2
temp,1705142367694700104,17.2
temp,1705142427790373682,17.2
temp,1705142488175989235,17.2
temp,1705142548303606597,17.2
temp,1705142608655530611,17.2
temp,1705142668980030782,17.2
temp,1705142729214464469,17.2
temp,1705142789667055475,17.2
temp,1705142849772695346,17.2
temp,1705142910167124123,17.2
temp,1705142970582116230,17.2
temp,1705143030718904474,17.2
temp,1705143091069551412,17.2
temp,1705143151323406999,17.2
temp,1705143211622023421,17.2
temp,1705143271666914974,17.2
temp,1705143332172976866,17.2
temp,1705143392333495199,17.2
temp,1705143452664645036,17.2
temp,1705143512955795381,17.2
temp,1705143573217374840,17.2
temp,1705143633458667250,17.2
temp,1705143693737710099,17.2
temp,1705143754219148355,17.2
temp,1705143814186869838,17.2
temp,1705143874526436814,17.2
temp,1705143934923550480,17.3
temp,1705143995148572670,17.2
temp,1705144055343439630,17.3
temp,1705144115874904401,17.2
temp,1705144176125944264,17.3
temp,1705144236281648065,17.2
temp,1705144296533110300,17.2
temp,1705144356907104457,17.2
temp,1705144417278619980,17.3
temp,1705144477289371922,17.3
temp,1705144537641305414,17.3
temp,1705144598112592581,17.4
temp,1705144658268604513,17.3
temp,1705144718711963583,17.3
temp,1705144778941468598,17.3
temp,1705144839024060351,17.3
temp,1705144899274170955,17.3
temp,1705144959799099048,17.3
temp,1705145020025977388,17.2
